slug,provider,actionButtons,technology,txSpeedSla,throughputSla,openSource,support,starred,availableApis,monitoringAndAnalytics,additionalFeatures,assetTypes,price,economicalSecurity,economicalSecurityNote,auditsPerformed,decentralizationModel,sdk,supportedChains
across,Across,"[""[Bridge](https://app.across.to/bridge)"",""[Docs](https://docs.across.to/)""]",Cross‑chain Messaging,NULL,NULL,TRUE,"[""Discord""]",FALSE,"[""Asset Transfer""]",,"[""Fast bridging"",""Single liquidity pool""]","[""ETH"",""ERC‑20""]",Gas Fee + small protocol fee,TRUE,Secured via UMA oracle + relayers,,Decentralized,"[""SDK"",""Web UI""]","[""hyperevm"",""arbitrum one"",""bnb chain"",""base"",""blast"",""ethereum"",""ink"",""lens"",""linea"",""lisk"",""mode"",""optimism"",""polygon"",""redstone"",""scroll"",""solana"",""soneium"",""unichain"",""world chain"",""zora"",""zksync era""]"
allbridge-core,Allbridge Core,"[""[Bridge](https://core.allbridge.io/)"",""[Docs](https://docs-core.allbridge.io/)""]",Stablecoin Bridge via Native Liquidity,NULL,NULL,TRUE,"[""Discord""]",FALSE,"[""Stablecoin Transfer""]",,"[""No wrapping"",""Native liquidity pools"",""CEX-to-chain deposits""]","[""Stablecoins"",""ERC-20""]",Gas Fee + protocol fee,TRUE,"Native stablecoin pools, messaging-agnostic","[""Independent audits (per DefiLlama)""]",Decentralized,"[""TypeScript""]","[""arbitrum"",""avalanche"",""base"",""bnb chain"",""celo"",""ethereum"",""linea"",""optimism"",""polygon"",""sonic"",""solana"",""stellar"",""sui"",""tron"",""unichain""]"
alldomains-bridge,AllDomains Bridge,"[""[Bridge](https://bridge.alldomains.id)"",""[Docs](https://docs.alldomains.id/protocol)""]",Domain & Data Bridge,NULL,NULL,TRUE,"[""Discord""]",FALSE,"[""Asset & Data Transfer""]",,"[""Bridge Web2 domains to Web3 asset portrait"",""Hyperlink via Hyperlane provider""]","[""NFT""]",Gas Fee,TRUE,Hyperlane‑powered bridge for domain/data between chains,,Decentralized,"[""TypeScript""]","[""ethereum"",""solana"",""sonic svm"",""eclipse""]"
altitude,Altitude,"[""[Bridge](https://www.altitudedefi.com/transfer)"",""[Docs](https://altitude-1.gitbook.io/altitude/)""]",LayerZero-based Bridge,NULL,NULL,TRUE,"[""Discord""]",FALSE,"[""Asset Transfer""]",,"[""Built on LayerZero"",""Decentralized routing""]","[""ETH"",""USDC""]",Gas Fee,TRUE,Security via LayerZero DVN & oracle messaging,,Decentralized,"[""Web UI""]","[""ethereum"",""polygon"",""fantom"",""arbitrum"",""optimism"",""linea"",""mantle""]"
arbitrum-native,Arbitrum,"[""[Bridge](https://bridge.arbitrum.io/)""]",Native,NULL,NULL,TRUE,"[""[Discord](https://discord.gg/arbitrum)"",""[Help Center](https://support.arbitrum.io/hc/en-us)""]",FALSE,"[""Bridge API""]","[""Bridge Transactions"",""Status Monitoring""]","[""Official Arbitrum Bridge"",""Token Tracking"",""USDC Support"",""Cross-chain Governance""]","[""ETH"",""ERC-20"",""USDC""]",Gas Fee,TRUE,Native canonical bridge maintained by Arbitrum,"[""Trail of Bits Nitro Audit"",""OpenZeppelin Bridge & Core Contracts Audit""]",Partially Decentralized,"[""TypeScript""]","[""ethereum mainnet"",""arbitrum one"",""arbitrum nova"",""syndicate network"",""gravity alpha"",""t-rex"",""hychain"",""sx"",""apechain"",""superposition"",""xchain"",""plume mainnet"",""hpp mainnet"",""galactica mainnet"",""humanity mainnet"",""rari network""]"
asterizm,Asterizm,"[""[Bridge](https://asterizm.io/)"",""[Docs](https://docs.asterizm.io/)""]",Cross‑chain Messaging,NULL,NULL,TRUE,"[""Discord""]",FALSE,"[""Cross‑chain Messaging""]",,"[""Composable messaging"",""Intent‑based""]","[""ETH"",""USDC""]",Gas Fee + relayer fee,TRUE,Secured by validators and messaging relayers,,Decentralized,"[""Web UI""]","[""ethereum"",""polygon"",""fantom"",""bnb smart chain"",""optimism"",""arbitrum"",""avalanche"",""celo"",""boba"",""aurora"",""venidium"",""bahamut"",""base"",""linea"",""mantle"",""gnosis"",""everscale"",""venom"",""xdc"",""ton"",""solana"",""lemonchain"",""torus"",""areon"",""units"",""redbelley"",""supra""]"
axelar,Axelar,"[""[Bridge](https://www.axelar.network/)"",""[Docs](https://docs.axelar.dev/)""]",General Message Passing,NULL,NULL,TRUE,"[""Discord"",""Telegram"",""X""]",FALSE,"[""REST"",""GraphQL""]","[""Yes (Axelarscan)""]","[""Cross‑chain Messaging""]","[""wFIL"",""wETH"",""wBTC"",""USDC"",""USDT""]",[Gas Fee](https://support.edge.app/hc/en-us/articles/36422794159387-Axelar-AXL-Network-Fees),TRUE,Proof-of-stake permissionless validator set controls Axelar security protocols,"[""[GitHub](https://github.com/axelarnetwork/audits)""]",Decentralized,"[""TypeScript SDK""]","[""ethereum"",""bitcoin"",""solana"",""arbitrum"",""optimism"",""base"",""bnb chain"",""osmosis"",""agoric"",""akash"",""archway"",""assetmantle"",""avalanche"",""axelar"",""babylon"",""berachain"",""bitcanna"",""bitsong"",""blast"",""carbon"",""celestia"",""celo"",""chain4energy"",""cheqd"",""chihuahua"",""comdex"",""coreum"",""cosmos"",""crescent"",""dchain"",""decentr"",""desmos"",""dydx"",""dymension"",""elys"",""evmos"",""fantom"",""fetch"",""filecoin"",""flippando"",""fraxtal"",""gnosis"",""gravity bridge"",""humans.ai"",""hyperevm"",""immutable"",""impact hub"",""injective"",""irisnet"",""jackal"",""juno"",""kava evm"",""kava ibc"",""ki"",""kujira"",""kyve"",""lava"",""likecoin"",""linea"",""lum network"",""mantle"",""mars hub"",""migaloo"",""moonbeam"", ""neutron"",""ngmi chain"",""nibiru"",""noble"",""nolus"",""omniflix"",""peaq"",""persistence"",""polygon"",""quicksilver"",""regen"",""saga mainnet"",""saga evm"",""scroll"",""secret"",""sei"",""sentinel"",""sommelier"", ""soneium"",""sonic"",""soundmoney"",""stargaze"",""stellar"",""stride"",""sui"",""teritory"",""terra"",""terra classic"",""umee"",""xion"",""xrpl"",""xrpl evm""]"
celer,Celer,"[""[Bridge](https://cbridge.celer.network)"",""[Docs](https://cbridge-docs.celer.network/)""]",Lock & Mint + Message Passing,NULL,NULL,TRUE,"[""Contact us form""]",FALSE,"[""REST"",""SDK"",""WebSocket""]","[""Transaction Monitoring"",""[CelerScan](https://celerscan.com/)""]","[""Decentralized cross‑chain transfers""]","[""wFIL"",""wETH"",""wBTC"",""USDC"",""USDT""]",Gas Fee,TRUE,[Optimistic-rollup + two-phase commit confirm pattern for cross-chain messages](https://cbridge-docs.celer.network/introduction/cbridge-security),"[""January 2023, by CertiK"", ""January 2023, by PeckShield"", ""January 2023, by SlowMist""]",Decentralized,"[""Node.JS""]","[""ethereum"",""polygon"",""bnb chain"",""avalanche"",""arbitrum"",""optimism"",""base"",""linea"",""astar"",""shiden"",""fantom"",""unichain"",""zksync era"",""arbitrum nova"",""aptos"",""flow evm"",""metis"",""oasis emerald"",""evmos"",""aurora"",""moonbeam"",""moonriver"",""boba"",""gnosis"",""aura mainnet"",""bitcoin"",""blast"",""conflux"",""filecoin"",""flow cadence"",""gravity alpha mainnet"",""injective"",""kava evm co-chain"",""klaytn"",""manta pacific mainnet"",""milkomeda c1"",""oasis sapphire"",""oasis hub-layer"",""platon"",""redbelly"",""sx"",""scroll"",""sui mainnet"",""x layer"",""opbnb""]"
chainlink-bridge,Chainlink Bridge,"[""[Bridge](https://chain.link/cross-chain)""]",Oracle‑Powered Asset & Messaging Bridge,NULL,NULL,TRUE,"[""Discord""]",FALSE,"[""Cross‑chain Messaging"",""Token Transfer""]",,"[""Based on Chainlink CCIP"",""Enterprise‑grade relayer architecture""]","[""ERC‑20"",""Stablecoins"",""NFT""]",Gas Fee + relayer fee,TRUE,Security by Chainlink decentralized oracle network,"[""Multiple audits""]",Decentralized,"[""TypeScript""]","[""ethereum"",""arbitrum"",""avalanche"",""base"",""optimism"",""linea"",""mantle"",""bnb chain"",""polygon"",""aptos"",""solana"",""celo"",""blast"",""gnosis"",""metis"",""astar"",""mode""]"
chainport,ChainPort,"[""[Bridge](https://app.chainport.io/)"",""[Docs](https://docs.chainport.io/)""]",Cross‑chain Bridge,NULL,NULL,TRUE,"[""Discord""]",FALSE,"[""Asset Transfer""]",,"[""Fast transfer"",""Low fee (0.3%)""]","[""ETH"",""ERC‑20""]",Gas Fee + 0.3% fee,TRUE,Smart contract custody with optional insurance,,Partially Decentralized,"[""Web UI""]","[""ethereum"",""arbitrum"",""avalanche"",""base"",""optimism"",""linea"",""cardano"",""bnb chain"",""polygon"",""fantom"",""dogechain"",""telos"",""moonriver"",""aurora"",""conflux"",""opbnb"",""humanode"",""step"",""stratis"",""rootstock"",""iota evm"",""chillz"",""neurochainai"",""iron fish"",""argochain"",""boba""]"
chainspot,Chainspot,"[""[Bridge](https://app.chainspot.io/)"",""[Docs](https://docs.chainspot.io/)""]",Bridge Aggregator,NULL,NULL,TRUE,"[""Discord""]",FALSE,"[""Bridge Aggregation""]",,"[""Multi‑bridge routing"",""Cross‑chain explorer""]","[""ETH"",""ERC‑20""]",Depends on selected route,TRUE,Inherits security from underlying bridges,,Aggregator,"[""Web UI""]","[""ethereum"",""polygon"",""bnb chain"",""arbitrum one"",""avalanche"",""fantom"",""telos"",""boba"",""optimism"",""harmony"",""moonriver"",""moonbeam"",""okxchain"",""aurora"",""evmos"",""fuse"",""cronos"",""gnosis"",""celo"",""venom testnet"",""base"",""linea"",""polygon zkevm"",""scroll"",""mantle"",""zksync"",""boba beam"",""kava"",""wanchain"",""tron"",""rootstock"",""fraxtal"",""bsquared(b2)"",""zklink"",""bahamut"",""mint"",""bevm"",""bob"",""bitlayer"",""blast"",""mode"",""taiko"",""ton""]"
cometprotocol,Comet Protocol,"[""[Bridge](https://cometbridge.app/?original=Optimism&target=Soneium&symbol=ETH)"",""[Docs](https://docs.cometprotocol.com/)""]",Cross‑chain Messaging,NULL,NULL,FALSE,"[""Discord""]",FALSE,"[""Bridge API""]","[""Blockscout"",""Custom Dashboards"",""Analytics""]","[""Seamless interlink"",""24/7 ops""]","[""ERC‑20"",""BTC""]",Gas Fee,TRUE,Inherits security from base chains,"[""Audit by ConsenSys, 2023""]",Partially Decentralized,"[""TypeScript SDK""]","[""ethereum"",""eclipse"",""fuel"",""gravity"",""arbitrum"",""optimism"",""base"",""linea"",""ink"",""soneium"",""scroll"",""unichain"",""x layer"",""zksync era""]"
connext,Connext,"[""[Bridge](https://www.connext.network/)"",""[Docs](https://docs.connext.network/)""]",Cross‑chain Messaging,NULL,NULL,TRUE,"[""Discord""]",FALSE,"[""Cross‑chain Transfers"",""Liquidity Provision""]",,"[""Low fee intent-layer bridging"",""xERC‑20 tokens""]","[""ETH"",""ERC‑20""]",Gas Fee + small protocol fee,TRUE,Security inherits from canonical settlement networks,,Decentralized,"[""TypeScript SDK"",""Web UI""]","[""ethereum"",""bnb chain"",""gnosis"",""metis"",""arbitrum"",""optimism"",""base"",""linea"",""mode""]"
crosscurve,CrossCurve,"[""[Bridge](https://app.crosscurve.fi/)"",""[Docs](https://docs.crosscurve.fi)""]",NFT & Token Bridge,NULL,NULL,TRUE,"[""Discord""]",FALSE,"[""NFT Transfer"",""Asset Transfer""]",,"[""NFT badge bridge"",""EYWA integration""]","[""ERC‑20"",""ERC‑721""]",Gas Fee,TRUE,Modular design with relayer fallback,,Modular,"[""Web UI""]","[""ethereum"",""bnb chain"",""gnosis"",""metis"",""arbitrum"",""optimism"",""base"",""linea"",""mode"",""celo"",""cronos"",""fraxtal"",""ink"",""manta"",""polygon"",""taiko"",""xdc"",""avalanche"",""blast"",""corn"",""kava"",""mantle"",""morph"",""sonic"",""tron"",""unichain"",""core"",""fantom"",""hyperliquid"",""tac"",""unit-zero""]"
debridge,deBridge,"[""[Bridge](https://app.debridge.finance/)"",""[Docs](https://docs.debridge.finance/)""]",Cross‑chain Messaging,NULL,NULL,TRUE,"[""Discord""]",FALSE,"[""Asset Transfer"",""Rate Guarantee""]",,"[""Deep liquidity"",""Guaranteed rates""]","[""ETH"",""ERC‑20""]",Gas Fee + small protocol fee,TRUE,Economic security via settlement networks,,Decentralized,"[""Web UI"",""SDK""]","[""ethereum"",""bnb chain"",""polygon"",""arbitrum"",""avalanche"",""solana"",""linea"",""optimism"",""base"",""tron"",""hyperevm"",""gnosis"",""sonic"",""plasma"",""abstract"",""berachain"",""story"",""neon"",""flow"",""bob"",""mantle"",""sophon"",""sei""]"
ecoportal,Eco Portal,"[""[Bridge](https://portal.eco.com/)"",""[Docs](https://docs.eco.com/)""]",Stablecoin Router,NULL,NULL,TRUE,"[""Discord""]",FALSE,"[""Stablecoin Transfer"",""Bridge Routing""]",,"[""Route optimization"",""Low fees""]","[""USDC"",""USDT""]",Gas Fee + minimal service fee,TRUE,Security via route providers,,,"[""Web UI"",""SDK""]","[""ethereum"",""arbitrum"",""base"",""celo"",""ink"",""optimism"",""plasma"",""polygon"",""sonic"",""unichain""]"
enosys-bridge,Enosys Bridge,"[""[Bridge](https://bridge.enosys.global)""]",Wrap & Asset Bridge,NULL,NULL,TRUE,"[""Discord""]",FALSE,"[""ERC‑20 Transfer""]",,"[""Wrap/unwrap across XDC and Flare ecosystems"",""High‑yield bridge integration""]","[""ERC‑20""]",Gas Fee + wrap fee,TRUE,"Fireblocks optional custody, regulated compliance","[""Independent audits""]",Partially Decentralized,"[""TypeScript""]","[""ethereum"",""flare"",""xdc""]"
garden,Garden,"[""[Bridge](https://app.garden.finance)"",""[Docs](https://docs.garden.finance/)""]",BTC‑to‑ETH Swap Bridge,NULL,NULL,TRUE,"[""Discord""]",FALSE,"[""Cross‑chain Swap""]",,"[""BTC → ETH swap in ~10 min""]","[""BTC"",""ETH""]",Swap fee,TRUE,Relayer‑based swap execution,,Decentralized,"[""Web UI""]","[""ethereum"",""arbitrum"",""base"",""berachain"",""bitcoin"",""bnb chain"",""botanix"",""core"",""corn"",""hyperevm"",""solana"",""starknet"",""sui"",""unichain""]"
hashport,Hashport,"[""[Bridge](https://app.hashport.network/)"",""[Docs](https://docs.hashport.network/)""]",Cross‑chain Asset Transfer,NULL,NULL,TRUE,"[""Discord""]",FALSE,"[""Asset Transfer""]",,"[""Secure Hedera-to-EVM bridging""]","[""ETH"",""ERC‑20""]",Gas Fee,TRUE,Multi-signature validators + Hedera consensus,,Partially Decentralized,"[""Web UI""]","[""ethereum"",""arbitrum"",""avalanche"",""cronos"",""bnb chain"",""polygon"",""base"",""fantom"",""optimism"",""moonbeam"",""aurora""]"
hop,Hop,"[""[Bridge](https://app.hop.exchange/)"",""[Docs](https://docs.hop.exchange/developer-docs/)""]",Layer-2 Token Bridge,NULL,NULL,TRUE,"[""Discord""]",FALSE,"[""Token Transfer""]",,"[""h-token intermediaries"",""AMM bonds""]","[""ERC-20""]",Gas Fee + liquidity fee,TRUE,Liquidity provider bonds via AMM model,"[""Multiple audits""]",Decentralized,"[""TypeScript""]","[""ethereum"",""arbitrum one"",""arbitrum nova"",""polygon pos"",""gnosis"",""polygon zkevm"",""base"",""linea"",""optimism""]"
hyperlane,Hyperlane,"[""[Bridge](https://hyperlane.xyz/)"",""[Docs](https://docs.hyperlane.xyz/)""]",Cross‑chain Messaging,NULL,NULL,TRUE,"[""Discord""]",FALSE,"[""Cross‑chain Messaging"",""Asset Transfer""]",,"[""Modular Interchain Security"",""Warp Routes (Bridging)""]","[""ERC‑20""]",Gas Fee,TRUE,Economic security via modular ISMs and validator staking,,Decentralized,"[""TypeScript CLI""]","[""abstract"",""ancient8"",""apechain"",""aleph zero"",""arbitrum"",""artela"",""arthera"",""avalanche"",""astar"",""astar zkevm"",""aurora"",""base"",""berachain"",""bitlayer"",""blast"",""bob"",""boba"",""bnb chain"",""birdlayer"",""bittensor"",""bnb chain"",""b3"",""camp"",""celo"",""cheesechain"",""chillz"",""citrea"",""coin98"",""conflux"",""coredao"",""corn"",""cyber"",""degen chain"",""dogechain"",""eclipse"",""endurance"",""ethereum"",""ebi"",""everclear"",""evmos"",""fantom"",""form"",""fraxtal"",""flame"",""flare"",""flow"",""forma"",""fuel"",""fuse"",""gnosis"",""gravity"",""hyperevm"",""harmony"",""hemi"",""henez"",""immutable"",""inevm"",""injective"",""ink"",""karak"",""kroma"",""kyros"",""linea"",""lisk"",""lumia"",""layeredge"",""logx"",""lukso"",""manta"",""manta pacific"",""mantle"",""matchain"",""metal"",""metis"",""merlin"",""mint"",""mode"",""miracleplay"",""mitosis"",""molten"",""moonbeam"",""morph"",""neutron"",""noble"",""nero"",""optimism"",""oort"",""orderly"",""osmosis"",""polygon"",""polygon cdk"",""polynomial"",""prom"",""proof of play"",""ronin"",""rari"",""re.al"",""redstone"",""rootstock"",""sei"",""solana"",""sanko"",""soneium"",""sonic"",""sonic svm"",""soon"",""sophon"",""starknet"",""stride"",""scroll"",""shibarium"",""snapchain"",""story"",""superposition"",""swell chain"",""superseed"",""trump chain"",""telos"",""treasure"",""taiko"",""tangle"",""unichain"",""viction"",""vana"",""x layer"",""xai"",""zero network"",""zircuit"",""zetachain"",""zklink"",""zora""]"
interport,Interport Finance,"[""[Bridge](https://app.interport.fi)"",""[Docs](https://docs.interport.fi)""]",Meta‑DEX Cross‑chain Swap Bridge,NULL,NULL,TRUE,"[""Discord""]",FALSE,"[""Cross‑chain Swap"",""Single‑chain DEX routing""]",,"[""Meta-Dex aggregation"",""Bridge-free routing""]","[""ERC‑20"",""Stablecoins""]",Swap fees,TRUE,Aggregates cross-chain messaging,"[""Audits available""]",Decentralized,"[""TypeScript""]","[""ethereum"",""solana"",""arbitrum"",""bnb chain"",""blast"",""zksync"",""base"",""scroll"",""optimism"",""linea"",""manta pacific"",""polygon"",""opbnb"",""avalanche"",""eon"",""fantom"",""sui"",""aptos"",""kava"",""metis"",""mantle"",""sei"",""aurora"",""corel"",""berachain"",""inkl"",""kaia"",""iota"",""taiko"",""rari"",""flare"",""gravity"",""lightlink"",""plume"",""abstract"",""flow"",""gnosis"",""astar"",""celo"",""sonic"",""soneium"",""mind"",""hemi"",""rootstock"",""hyperevm"",""world chain"",""codex"",""unichain"",""botanix"",""tac"",""bitlayer"",""hedera"",""mode"",""ronin"",""shibarium"",""wemix"",""zircuit"",""b²"",""bob"",""xdc"",""plasma"",""og"",""corn"",""katana"",""hashkey""]"
jumper,Jumper.Exchange,"[""[Bridge](https://jumper.exchange/)"",""[Docs](https://jumper.exchange/learn)""]",Cross‑chain Swaps,NULL,NULL,TRUE,"[""Discord""]",FALSE,"[""Asset Transfer"",""Swap""]",,"[""Simple swap + bridge""]","[""ETH"",""ERC‑20""]",Gas Fee + swap fee,TRUE,Security via smart contracts,,Decentralized,"[""Web UI"",""API""]","[""ethereum"",""arbitrum"",""solana"",""polygon"",""gnosis"",""blast"",""base"",""linea"",""optimism"",""avalanche"",""scroll"",""zksync"",""polygon zkevm"",""fantom"",""moonriver"",""moonbeam"",""fuse"",""boba"",""mode"",""metis"",""lisk"",""unichain"",""aurora"",""sei"",""hyperliquid"",""immutable zkevm"",""flare"",""sonic"",""vana"",""gravity"",""taiko"",""soneium"",""swellchain"",""bitcoin"",""ronin"",""opbnb"",""corn"",""lens"",""cronos"",""fraxtal"",""abstract"",""rootstock"",""apechain"",""celo"",""etherlink"",""world chain"",""xdc"",""mantle"",""sophon"",""superposition"",""ink"",""bob"",""katana"",""berachain"",""kaia"",""sui"",""plasma"",""plume"",""hyperevm""]"
layerswap,Layerswap,"[""[Bridge](https://layerswap.io/app)"",""[Docs](https://docs.layerswap.io)""]",Cross‑chain Swaps,NULL,NULL,TRUE,"[""Discord""]",FALSE,"[""Asset Transfer""]",,"[""Exchange <> L2 bridging""]","[""ETH"",""ERC‑20""]",Gas Fee + small service fee,TRUE,Bridging secured through centralized custody & partners,,Partially Decentralized,"[""Web UI""]","[""abstract"",""ancient8"",""arbitrum one"",""arbitrum nova"",""avalanche"",""base"",""berachain"",""bitcoin"",""blast"",""bob"",""bnb chain"",""celo"",""eclipse"",""ethereum"",""fuel ignition"",""fuse"",""gnosis"",""gravity"",""hyperevm"",""hashkey chain"",""immutablex"",""immutable zkevm"",""ink"",""kaia"",""katana"",""linea"",""lisk"",""lightlink"",""loopring"",""manta pacific"",""mantle"",""matchain"",""mint"",""mode"",""morph"",""nahmii"",""optimism"",""opbnb"",""polygon"",""polygon zkevm"",""plasma"",""paradex"",""ronin"",""rari"",""redstone"",""sei"",""solana"",""shape"",""soneium"",""sonic"",""soon"",""sophon"",""starknet"",""scroll"",""superposition"",""superseed"",""taiko"",""ton"",""unichain"",""world chain"",""xai"",""x layer"",""xai"",""zero"",""zircuit"",""zetachain"",""zksync lite"",""zksync era"",""zora""]"
layerzero,LayerZero Labs,"[""[Bridge](https://layerzero.bridge.harmony.one/one)"",""[Docs](https://docs.layerzero.network/v2)""]",Omnichain Messaging & OFT,NULL,NULL,TRUE,"[""Discord"",""Email""]",FALSE,"[""REST API"",""GraphQL""]","[""Blockscout"",""Custom Dashboards""]","[""Omnichain Fungible Token"",""Unified Liquidity Pools"",""Cross‑chain Governance""]","[""ETH"",""ERC‑20 OFT""]",Gas Fee,TRUE,Configurable DVN consensus across chains,"[""Ackee Blockchain Protocol Audit (Mar 2022)"",""ChainSecurity OFT/OApp Audit"",""Zellic Core Audit""]",Decentralized,"[""TypeScript""]","[""ethereum"",""bnb chain"",""base"",""linea"",""arbitrum"",""harmony""]"
lifi,LI.FI,"[""[Bridge](https://li.fi/)"",""[Docs](https://docs.li.fi/)""]",Cross-chain Bridge Aggregator,NULL,NULL,FALSE,"[""Discord"",""Twitter"",""Email""]",FALSE,"[""LI.FI API""]","[""Analytics Dashboard""]","[""Aggregates multiple bridges & DEXs""]","[""ERC-20"", ""ERC-721""]",Gas Fee,TRUE,"Validator nodes, Aggregated security from multiple bridges",,Decentralized,"[""JavaScript SDK""]",
mayan,Mayan Finance,"[""[Bridge](https://swap.mayan.finance/)"",""[Docs](https://docs.mayan.finance)""]",Intent-based Cross-chain Swap Bridge,NULL,NULL,TRUE,"[""Discord""]",FALSE,"[""Cross-chain Swap""]",,"[""Built on Wormhole Token Bridge"",""One-click auction swaps""]","[""ERC-20"",""Stablecoins""]",Wormhole gas + swap fee (~0.1%),TRUE,Wormhole primitives + swap auction logic,,Decentralized,"[""TypeScript""]","[""ethereum"",""bnb chain"",""base"",""linea"",""arbitrum"",""optimism"",""sui"",""unichain"",""hyperevm"",""solana"",""polygon"",""avalanche""]"
meson,Meson,"[""[Bridge](https://meson.fi/)"",""[Docs](https://meson.fi/docs)""]",Stablecoin Bridge,NULL,NULL,TRUE,"[""Discord""]",FALSE,"[""Stablecoin Swaps""]",,"[""USDT/USDC optimization"",""Fast settlement""]","[""USDT"",""USDC""]",Low Fee,TRUE,Secured via cryptographic proofs and liquidity partners,"[""Trail of Bits""]",Decentralized,"[""Web UI""]","[""ancient8"",""arbitrum"",""avalanche"",""base"",""berachain"",""bitlayer"",""blast"",""bob"",""bnb chain"",""b² network"",""celo"",""cronos"",""ethereum"",""gnosis"",""hashkey chain"",""hemi"",""kava"",""linea"",""manta"",""mantle"",""merlin"",""metis"",""mode"",""moonbeam"",""morph"",""opbnb"",""optimism"",""plume"",""polygon"",""polygon zkevm"",""scroll"",""sei"",""skale europa"",""skale nebula"",""skale calypso"",""solana"",""soneium"",""starknet"",""taiko"",""tron"",""zetachain"",""zircuit"",""zksync era"",""meme core"",""exsat"",""zklink nova"",""x layer"",""conflux espace"",""sonic"",""aurora"",""kroma"",""aptos"",""sui"",""zkfair"",""map protocol"",""core"",""inevm"",""bouncebit"",""bevm"",""ailayer"",""iotex"",""ckb"",""duckchain"",""neo x"",""corn"",""taker"",""thundercore"",""rootstock"",""hyperevm"",""plasma""]"
messina,MessinaOne Bridge,"[""[Bridge](https://messina.one/bridge)"",""[Docs](https://messinaone.gitbook.io/messina/)""]",Cross‑chain Bridge via Wormhole,NULL,NULL,TRUE,"[""Discord""]",FALSE,"[""Asset Transfer""]",,"[""Wormhole integration"",""Liquidity pools""]","[""ETH"",""ERC‑20""]",Gas Fee,TRUE,Audited by Certik & Kudelski,"[""Certik"",""Kudelski Security""]",Partially Decentralized,"[""Web UI""]","[""ethereum"",""bnb chain"",""base"",""algorand"",""arbitrum"",""optimism"",""aptos"",""polygon"",""avalanche""]"
okutrade,Oku Trade,"[""[Bridge](https://oku.trade)"",""[Docs](https://docs.oku.trade/home/)""]",Bridge & Swap Meta‑Aggregator,NULL,NULL,TRUE,"[""Discord""]",FALSE,"[""Cross‑chain Swap"",""Bridge Aggregation""]",,"[""DeFi aggregator across 18 EVM chains"",""Uniswap v3 trading frontend""]","[""ERC‑20"",""Stablecoins""]",Gas Fee + bridge/DEX fees,TRUE,"Aggregates best bridge/swap rates, non‑custodial routing","[""Uniswap Foundation funded, no exploit""]",Decentralized,"[""TypeScript""]","[""ethereum"",""bnb chain"",""base"",""zksync era"",""arbitrum"",""optimism"",""taiko"",""polygon"",""avalanche"",""sei"",""scroll"",""rootstock"",""filecoin"",""boba"",""telos"",""lightlink"",""saga evm"",""hemi"",""xdc"",""unichain"",""sonic"",""redbelly"",""lens"",""world chain"",""matchain"",""goat"",""mantle"",""nibiru"",""plasma"",""celo"",""etherlink"",""linea"",""bob"",""corn"",""gnosis""]"
orbiter,Orbiter Finance,"[""[Bridge](https://orbiter.finance)"",""[Docs](https://docs.orbiter.finance)""]",Cross‑chain Messaging,NULL,NULL,TRUE,"[""Discord""]",FALSE,"[""Asset Transfer""]",,"[""Low cost"",""Instant confirmation""]","[""ETH"",""ERC‑20""]",Gas Fee,TRUE,Peer-to-peer intents & liquidity providers,,Decentralized,"[""Web UI""]","[""arbitrum"",""bnb chain"",""base"",""blast"",""ethereum"",""ink"",""linea"",""lisk"",""mode"",""optimism"",""polygon"",""redstone"",""scroll"",""solana"",""soneium"",""unichain"",""world chain"",""zora"",""zksyncera"",""eni"",""x layer"",""sui"",""celo"",""juchain"",""bob"",""story"",""manta"",""arbitrum nova"",""ape chain"",""zetachain"",""hemi"",""mint"",""hashkey"",""superseed"",""gravity"",""zero"",""rootstock"",""corn"",""superposition"",""zk fair"",""morph"",""nero"",""conflux"",""hpp"",""hyperliquid"",""paradex"",""merlin"",""katana"",""berachain"",""immutable x"",""plume"",""sophon"",""opbnb"",""kaia"",""tron"",""fuel"",""sonic"",""cyber"",""bitlayer"",""zircuit"",""starknet"",""fraxtal"",""avalanche"",""eclipse"",""core"",""ton"",""bevm"",""zklink nova"",""b² network"",""mantle"",""zksync lite"",""ronin"",""sonic svm"",""polygon zkevm"",""abstract"",""movement"",""sui"",""taiko""]"
owlto,Owlto Finance,"[""[Bridge](https://owlto.finance)"",""[Docs](https://docs.owlto.finance)""]",Cross‑rollup Bridge,NULL,NULL,TRUE,"[""Discord""]",FALSE,"[""Asset Transfer""]",,"[""Fast confirmation"",""Low fees""]","[""ETH"",""USDC"",""USDT""]",Gas Fee + protocol fee,TRUE,Relayer-based verification with ZK/optimistic fallback,,Partially Decentralized,"[""Web UI""]","[""eclipse"",""soneium"",""katana"",""unichain"",""ink"",""abstract"",""base"",""arbitrum"",""ethereum"",""linea"",""optimism"",""alienx"",""arbitrum nova"",""avalanche"",""berachain"",""blast"",""bnb chain"",""bob"",""core"",""cyber"",""duckchain"",""gnosis"",""gravity"",""hashkey"",""hemi"",""lens"",""lisk"",""manta"",""mantle"",""matchain"",""metis"",""mint"",""mode"",""morph"",""opbnb"",""over"",""polygon"",""polygon zkevm"",""rari"",""redstone"",""scroll"",""shape"",""solana"",""sonic"",""story"",""swan"",""taiko"",""u2u solaris"",""worldchain"",""x layer"",""zeta"",""zksync era"",""zero"",""zircuit"",""zora""]"
pheasant,Pheasant Network,"[""[Bridge](https://pheasant.network)"",""[Docs](https://docs.pheasant.network/)""]",Intent-based Cross‑chain Bridge,NULL,NULL,TRUE,"[""Discord""]",FALSE,"[""Token Transfer via intents""]",,"[""Optimistic rollup architecture"",""Bridge-as-a-Service (BaaS)""]","[""ERC‑20"",""Stablecoins""]",Gas Fee + relayer fee,TRUE,Optimistic security with UMA-style dispute challenge,,Decentralized,"[""TypeScript""]","[""arbitrum"",""ethereum"",""morph"",""optimism"",""base"",""scroll"",""unichain"",""linea"",""taiko"",""zksync era""]"
polyhedra,Polyhedra Network,"[""[Bridge](https://expchain.polyhedra.network/bridge)"",""[Docs](https://docs.polyhedra.network/expchain/bridge)""]",zk‑Bridge with Zero‑Knowledge State Proofs,NULL,NULL,TRUE,"[""Discord""]",FALSE,"[""Token & NFT Transfer"",""Cross‑chain Messaging""]",,"[""zk proofs for trustless state verification"",""Supports 20+ L1/L2s""]","[""ERC‑20"",""NFT""]",Gas Fee + ZK fee,TRUE,ZK proofs validate full state without trust assumptions,"[""Platform audits reported""]",Decentralized,"[""TypeScript""]","[""ethereum testnet"",""expchain testnet"",""bnb chain testnet""]"
rango,Rango Exchange,"[""[Bridge](https://rango.exchange/)"",""[Docs](https://docs.rango.exchange/)""]",Cross-chain Bridge & Swap,NULL,NULL,FALSE,"[""Discord"",""Telegram"",""Email""]",FALSE,"[""Rango API""]","[""Analytics"",""Explorer""]","[""Aggregated multi-chain bridges and DEXs""]","[""ERC-20"", ""ERC-721""]",Gas Fee,TRUE,"Validator network, Aggregated security from multiple bridges",,Decentralized,"[""JavaScript SDK""]",
retro,Retro Bridge,"[""[Bridge](https://app.retrobridge.io/)"",""[Docs](https://docs.retrobridge.io/)""]",Cross‑chain Bridge,NULL,NULL,TRUE,"[""Discord""]",FALSE,"[""Asset Transfer""]",,"[""Native stablecoin bridging""]","[""ETH"",""USDC""]",Gas Fee,TRUE,Relayer network with proof-based validation,,Decentralized,"[""Web UI""]","[""arbitrum"",""ethereum"",""solana"",""optimism"",""base"",""scroll"",""unichain"",""linea"",""taiko"",""zksync era"",""ton"",""tron"",""sui"",""avalanche"",""polygon"",""bnb chain"",""sonic"",""x layer"",""mantle"",""starknet"",""abstact"",""soneium"",""ink""]"
rhinofi,RhinoFi,"[""[Bridge](https://app.rhino.fi/bridge)"",""[Docs](https://docs.rhino.fi/get-started/introduction)""]",Cross-chain Stablecoin Bridge,NULL,NULL,TRUE,"[""Discord""]",FALSE,"[""Stablecoin Bridge API""]",,"[""Smart deposit API from CEXes"",""Cross-chain liquidity flows""]","[""Stablecoins""]",Gas Fee + liquidity fee,TRUE,"Liquidity-outpost pools, smart deposit routing","[""Independent audits reported""]",Partially Decentralized,"[""TypeScript""]","[""arbitrum"",""ethereum"",""polygon"",""optimism"",""bnb chain"",""avalanche"",""base"",""celo"",""gnosis"",""ink"",""kaia"",""katana"",""linea"",""mantle"",""opbnb"",""plasma"",""plume"",""scroll"",""sonic"",""taiko"",""unichain"",""zircuit"",""zksync era""]"
routerprotocol,Router Protocol,"[""[Bridge](https://routernitro.com/swap)"",""[Docs](https://docs.routerprotocol.com/)""]",Chain Abstraction,NULL,NULL,TRUE,"[""Discord""]",FALSE,"[""Cross‑chain Liquidity Aggregation""]",,"[""Multi‑chain routing""]","[""ETH"",""ERC‑20""]",Gas Fee + protocol fee,TRUE,Security via settlement chains,,Decentralized,"[""SDK"",""Web UI?""]","[""arbitrum one"",""ethereum"",""polygon"",""optimism"",""bnb chain"",""avalanche"",""base"",""berachain"",""bitcoin"",""hyperliquid"",""linea"",""mantle"",""router chain"",""solana"",""sonic"",""sui"",""tron"",""unichain"",""world chain""]"
rubic,Rubic,"[""[Bridge](https://rubic.exchange)"",""[Docs](https://docs.rubic.finance/)""]",Bridge Aggregator,NULL,NULL,TRUE,"[""Discord""]",FALSE,"[""Bridge API"",""Swap API""]",,"[""15k+ tokens"",""100+ chains supported""]","[""ETH"",""ERC‑20""]",Depends on underlying bridge,TRUE,Security inherited from selected bridge,,,"[""JS SDK"",""Web UI""]","[""polygon"",""bnb chain"",""tron"",""unichain"",""bitcoin"",""solana"",""base"",""arbitrum"",""ethereum"",""linea"",""optimism"",""zksync era"",""ton"",""avalanche"",""berachain"",""blast"",""scroll"",""morph"",""fraxtal"",""soneium"",""mode"",""mantle"",""metis"",""manta pacific"",""fantom"",""zkevm"",""pulsechain"",""taiko"",""hemi"",""filecoin"",""x layer"",""bahamut"",""dash"",""monero"",""cardano"",""cosmos"",""litecoin"",""xrp ledger"",""aptos"",""polkadot"",""stellar"",""near"",""zilliqa"",""tezos"",""xdc"",""kava cosmos"",""neo"",""gnosis"",""flare""]"
safeswap,SafeSwap,"[""[Bridge](https://app.safeswap.io/)"",""[Docs](https://docs.safeswap.io/)""]",Atomic Swap Native Token Bridge,NULL,NULL,TRUE,"[""Discord""]",FALSE,"[""Token Transfer""]",,"[""Atomic swaps peer-to-peer"",""No wrapped tokens""]","[""Native EVM tokens""]",Gas Fee,FALSE,"Atomic swap locks/unlocks between user wallets, no liquidity pools","[""Audit referenced on GitHub""]",Decentralized,"[""TypeScript""]","[""arbitrum"",""ethereum"",""bnb chain"",""optimism"",""base"",""polygon"",""avalanche"",""vechain"",""rollux""]"
smolrefuel,SmolRefuel,"[""[Bridge](https://smolrefuel.com)"",""[Docs](https://docs.smolrefuel.com)""]",Gas Refuel Bridge,NULL,NULL,TRUE,"[""Discord""]",FALSE,"[""Gas Token Swap""]",,"[""Gas refueling across 80+ chains"",""Swap any token to gas without pre-funding""]","[""ETH"",""ERC‑20""]",Gas Fee swap model,FALSE,"Non-custodial, gas-only utility",,Decentralized,"[""TypeScript""]","[""og"",""abstract"",""adventure layer"",""ailayer"",""apechain"",""aptos"",""arbitrum nova"",""arbitrum one"",""astar"",""aurora"",""avalanche"",""b² network"",""base"",""beam"",""berachain"",""bevm"",""bitlayer"",""blast"",""bob"",""boba"",""botanix"",""bnb chain"",""callisto"",""camp"",""celo"",""civitia"",""coredao"",""corn"",""cronos"",""cronoszkevm"",""cyber"",""debank"",""degen"",""derive"",""dogechain"",""dymension"",""echelon"",""eclipse"",""embr"",""endurance"",""ethereum"",""etherlink"",""ethw"",""evmos"",""exsat"",""flame"",""flare"",""flow evm"",""fluence"",""forma"",""fraxtal"",""fuse"",""gatelayer"",""gnosis"",""goat"",""gravity"",""ham"",""harmony"",""hashkey"",""hemi"",""hyperliquid"",""hyperliquid evm"",""immutable zkevm"",""initia"",""injective"",""ink"",""katana"",""kava"",""klaytn"",""lens"",""linea"",""lisk"",""lukso"",""manta"",""mantle"",""matchain"",""merlin"",""metal"",""metis"",""mezo"",""milkyway"",""mint"",""mode"",""moonbeam"",""moonriver"",""morph"",""neon evm"",""nibiru"",""numbers"",""oasys"",""opbnb"",""optimism"",""optopia"",""peaq"",""plasma"",""plume"",""polygon"",""polygon zkevm"",""polynomial"",""prom"",""pulsechain"",""rari"",""ronin"",""rootstock"",""saakuru"",""sanko"",""satoshivm"",""scroll"",""sei"",""shaper"",""silicon"",""skate"",""solana"",""somnia"",""soneium"",""sonic"",""sophon"",""story"",""sui"",""superposition"",""superseed"",""swan"",""swell"",""syndicate frame"",""taiko"",""telos"",""thundercore"",""tron"",""unichain"",""unit0"",""vana"",""viction"",""vizing"",""wemix"",""world chain"",""x layer"",""xai"",""xdc"",""xrp"",""xrpl evm"",""zero"",""zeta"",""zircuit"",""zkcandy"",""zkfair"",""zklink nova"",""zksync era"",""zora""]"
squid,Squid,"[""[Bridge](https://app.squidrouter.com/)"",""[Docs](https://docs.squidrouter.com)""]",Cross‑chain Swaps (via Axelar GMP),NULL,NULL,TRUE,"[""Discord""]",FALSE,"[""Swaps"",""Messaging""]",,"[""Composable Cross‑chain Contracts""]","[""ETH"",""ERC‑20""]",Gas Fee + relayer fee,TRUE,Secured via Axelar network,,Decentralized,"[""TypeScript SDK"",""Web UI""]","[""ethereum"",""bitcoin"",""solana"",""arbitrum"",""optimism"",""base"",""bnb chain"",""osmosis"",""agoric"",""akash"",""archway"",""assetmantle"",""avalanche"",""axelar"",""babylon"",""berachain"",""bitcanna"",""bitsong"",""blast"",""carbon"",""celestia"",""celo"",""chain4energy"",""cheqd"",""chihuahua"",""comdex"",""coreum"",""cosmos"",""crescent"",""dchain"",""decentr"",""desmos"",""dydx"",""dymension"",""elys"",""evmos"",""fantom"",""fetch"",""filecoin"",""flippando"",""fraxtal"",""gnosis"",""gravity bridge"",""humans.ai"",""hyperevm"",""immutable"",""impact hub"",""injective"",""irisnet"",""jackal"",""juno"",""kava evm"",""kava ibc"",""ki"",""kujira"",""kyve"",""lava"",""likecoin"",""linea"",""lum network"",""mantle"",""mars hub"",""migaloo"",""moonbeam"", ""neutron"",""ngmi chain"",""nibiru"", ""noble"",""nolus"",""omniflix"",""peaq"",""persistence"",""polygon"",""quicksilver"",""regen"",""saga mainnet"",""saga evm"",""scroll"",""secret"",""sei"",""sentinel"",""sommelier"", ""soneium"",""sonic"",""soundmoney"",""stargaze"",""stellar"",""stride"",""sui"",""teritory"",""terra"",""terra classic"",""umee"",""xion"",""xrpl"",""xrpl evm""]"
stargate,Stargate Finance,"[""[Bridge](https://stargate.finance/)"",""[Docs](https://stargateprotocol.gitbook.io/)""]",Omnichain Liquidity Layer,NULL,NULL,TRUE,"[""Discord"",""Email""]",FALSE,"[""REST API"",""GraphQL""]","[""Pooled Liquidity Transfers"",""OFT Cross-chain Transfers""]","[""Unified Liquidity Pools"",""Low-Fee (0.06%)"",""OFT Support""]","[""ETH"",""USDC"",""USDT"",""ERC‑20"",""OFT""]","Gas Fee, Protocol Fee",TRUE,Decentralized pools secured by LayerZero consensus,"[""Audit(s) by DeFi teams""]",Decentralized,"[""TypeScript""]","[""base"",""plasma"",""arbitrum"",""optimism"",""linea"",""ethereum"",""unichain"",""soneium"",""hyperliquid"",""solana"",""og"",""abstract"",""ape"",""abstract"",""aptos"",""near"",""avalanche"",""berachain"",""blast"",""bnb chain"",""bob"",""botanix"",""celo"",""core"",""corn"",""cronos"",""cyber"",""degen"",""edu"",""ethereal"",""etherlink"",""fantom"",""flare"",""flow"",""fraxtal"",""fuse"",""glue"",""gnosis"",""goat"",""gravity"",""hedera"",""hemi"",""hyperevm"",""ink"",""iota"",""kaia"",""katana"",""kava"",""lightlink"",""lisk"",""manta"",""mantle"",""metis"",""mode"",""moonbeam"",""moon"",""morph"",""nibiru"",""opbnb"",""peaq"",""plume"",""polygon"",""zkevm"",""rari"",""rootstock"",""sanko"",""scroll"",""sei"",""somnia"",""sonic"",""soph"",""story"",""sui"",""superposition"",""swell"",""tac"",""taiko"",""telosevm"", ""ton"",""tron"",""vana"",""viction"",""worldchain"",""x layer"",""xdc"",""xpla"",""zircuit"",""zksync"",""zkverify"",""zora""]"
starkware,StarkWare,"[""[Bridge](https://starkgate.starknet.io/)""]",Native L1↔L2 Token Bridge,NULL,NULL,TRUE,"[""Email"",""Bridge UI""]",FALSE,"[""Deposit"",""Withdrawal""]",,"[""Starknet Messaging"",""ETH & ERC-20 Support""]","[""ETH"",""ERC-20""]",Gas Fee,TRUE,Official StarkWare implementation,"[""Starknet Audits""]",Partially Decentralized,"[""Cairo""]","[""ethereum"",""bitcoin"",""solana""]"
superbridge,Superbridge,"[""[Bridge](https://superbridge.app/)"",""[Docs](https://docs.superbridge.app/)""]",Cross‑chain Messaging,NULL,NULL,TRUE,"[""Discord""]",FALSE,"[""Asset Transfer""]",,"[""Native USDC via CCTP"",""Easy Mode withdrawals""]","[""ETH"",""ERC‑20""]",Gas Fee,TRUE,Economic security via OP‑Stack / Nitro and CCTP for USDC,,Decentralized,"[""Web UI"",""SDK CLI?""]","[""ethereum"",""base"",""bnb chain"",""arbitrum one"",""unichain"",""optimism"",""soneium"",""linea"",""world chain"",""ink"",""celo"",""swellchain"",""superseed"",""bob"",""mode"",""zora"",""lisk"",""redstone"",""hashkey"",""ethernity"",""mint"",""swan"",""orderly"",""shape"",""derive"",""settlus"",""cyber"",""arena z"",""polynomial"",""lumio"",""funki"",""automata"",""ancient8"",""metal l2""]"
swoop,Swoop Exchange,"[""[Bridge](https://app.swoop.exchange/)"",""[Docs](https://docs.swoop.exchange/)""]",Meta‑DEX & Bridge Aggregator,NULL,NULL,TRUE,"[""Discord""]",FALSE,"[""Cross‑chain Swap"",""Aggregator API""]",,"[""Aggregates 13+ bridges & 50+ DEXs"",""Best‑rate routing across 16 chains""]","[""ERC‑20"",""Stablecoins"",""Other tokens""]",Gas Fee + bridge/DEX fees,TRUE,"Non‑custodial, inherits security of underlying bridges",,Decentralized,"[""TypeScript""]","[""ethereum"",""bnb chain"",""solana"",""arbitrum"",""base"",""blast"",""avalanche"",""polygon"",""scroll"",""optimism"",""linea"",""zksync"",""polygon zkevm"",""gnosis"",""fantom"",""moonriver"",""moonbeam"",""fuse"",""boba"",""mode"",""metis"",""lisk"",""unichain"",""aurora"",""sei"",""hyperliquid"",""immutable zkevm"",""flare"",""sonic"",""vana"",""gravity"",""taiko"",""soneium"",""swellchain"",""ronin"",""opbnb"",""corn"",""lens"",""cronos"",""fraxtal"",""abstract"",""rootstock"",""apechain"",""celo"",""etherlink"",""hemi"",""world chain"",""xdc"",""mantle"",""sophon"",""superchain"",""bob"",""flow"",""katana"",""berachain"",""kaia"",""plasma"",""plume"",""hyperevm""]"
symbiosis,Symbiosis,"[""[Bridge](https://app.symbiosis.finance/)"",""[Docs](https://docs.symbiosis.finance/)""]",Cross‑chain AMM Swap Bridge,NULL,NULL,TRUE,"[""Discord""]",FALSE,"[""Cross‑chain Swap"",""Bridge""]",,"[""Aggregated liquidity across networks""]","[""ETH"",""USDC"",""ARB""]",Gas Fee + protocol fee,TRUE,Security via canonical chains,"[""Trail of Bits""]",Decentralized,"[""Web UI"",""SDK""]","[""ethereum"",""bitcoin"",""solana"",""tron"",""bnb chain"",""arbitrum one"",""base"",""abstract"",""apechain"",""arbitrum nova"",""avalanche"",""b² network"",""bahamut"",""berachain"",""blast"",""boba eth"",""core"",""cronos"",""cronos zkevm"",""fraxtal"",""gnosis"",""gravity"",""hyperevm"",""katana"",""kava"",""linea"",""manta"",""mantle"",""merlin"",""metis"",""mode"",""morph"",""opbnb"",""optimism"",""plasma"",""polygon"",""polygon zkevm"",""rootstock"",""scroll"",""sei v2"",""solana"",""soneium"",""sonic"",""symbiosis"",""taiko"",""telos"",""ton"",""unichain"",""zetachain"",""zklink"",""zksync era""]"
synapse,Synapse Protocol,"[""[Bridge](https://synapseprotocol.com/)""]",Cross-chain Asset & Messaging Bridge,NULL,NULL,TRUE,"[""Discord""]",FALSE,"[""Asset Transfer"",""Cross-chain Contract Calls""]",,"[""Generalized Messaging"",""Token Swap""]","[""ERC-20"",""Stablecoins""]",Gas Fee + Bridge Fee,TRUE,Liquidity pools with smart contract messaging,"[""Security Audits Available""]",Decentralized,"[""TypeScript""]","[""ethereum"",""arbitrum"",""polygon"",""avalanche"",""hyberevm"",""optimism"",""berachain"",""unichain"",""world chain"",""base"",""blast"",""bnb chain"",""linea"",""scroll"",""dfk chain"",""canto"",""fantom"",""klaytn"",""aurora"",""boba"",""cronos"",""harmony"",""metis"",""dogechain"",""moonbeam"",""moonriver"",""hyperliquid""]"
transporter,Transporter,"[""[Site](https://www.transporter.io)""]",CCIP Cross-Chain Communication & Asset Bridge,NULL,NULL,TRUE,"[""Discord""]",FALSE,"[""Token Transfer"",""Cross-chain Messaging""]",,"[""Powered by Chainlink CCIP"",""Enterprise-grade cross-chain integration""]","[""ERC‑20"",""Stablecoins"",""NFT""]",Gas Fee + relayer fee,TRUE,Security via Chainlink decentralized oracle network,,Decentralized,"[""TypeScript""]","[""ethereum"",""bitcoin"",""solana"",""arbitrum one"",""avalanche"",""base"",""berachain"",""blast"",""bnb chain"",""bob"",""celo"",""gnosis"",""hashkey"",""linea"",""mantle"",""metis"",""mind network"",""mode"",""optimism"",""polygon"",""ronin"",""scroll"",""sei"",""soneium"",""sonic"",""unichain"",""wemix"",""worldcoin"",""zircuit"",""zksync era""]"
umbria,Umbria Network,"[""[Bridge](https://bridge.umbria.network/bridge/)"",""[Docs](https://bridge.umbria.network/docs/)""]",Intent-based Bridge,NULL,NULL,TRUE,"[""Discord""]",FALSE,"[""Asset Transfer""]",,"[""Fast bridging"",""Low fees""]","[""ETH"",""ERC‑20""]",Gas Fee + service fee,TRUE,Relayer-based intent execution,,Partially Decentralized,"[""Web UI""]","[""ethereum"",""bnb chain"",""polygon"",""avalanche"",""base"",""arbitrum"",""optimism"",""zksync"",""gnosis"",""fantom""]"
universalx,UniversalX,"[""[Site](https://universalx.app)"",""[Docs](https://universalx.app)""]",Chain‑agnostic Trading Platform (no classical bridge),NULL,NULL,FALSE,"[""Discord""]",FALSE,"[""Cross‑chain Swap"",""Token Purchase""]",,"[""Unified balance across chains"",""Pay gas with any token""]","[""USDT"",""USDC"",""ERC‑20""]",Swap/Trade fees,FALSE,"Chain abstraction, no bridge needed",,Decentralized,"[""TypeScript""]","[""ethereum"",""arbitrum"",""polygon"",""avalanche"",""bnb chain"",""optimism"",""solana"",""base""]"
valuerouter,ValueRouter,"[""[Bridge](https://app.valuerouter.com)"",""[Docs](https://docs.valuerouter.com/)""]",Bridge Aggregator,NULL,NULL,TRUE,"[""Discord""]",FALSE,"[""Routing"",""Swap + Bridge""]",,"[""Best-route optimization"",""Multi-bridge support""]","[""ETH"",""ERC‑20""]",Gas Fee + routing fee,TRUE,Security depends on routed bridge,,,"[""Web UI""]","[""ethereum"",""arbitrum"",""polygon"",""avalanche"",""cosmos"",""optimism"",""solana"",""base""]"
veda,Veda,"[""[Site](https://veda.tech)"",""[Docs](https://veda.tech)""]",Intent-based Cross-chain Bridge & Messaging,NULL,NULL,TRUE,"[""Discord""]",FALSE,"[""Asset Transfer"",""Contract Calls""]",,"[""Enterprise-grade SDK"",""Permissioned messaging""]","[""ERC‑20"",""Stablecoins"",""Data""]",Gas Fee + protocol fee,TRUE,Intent settlement with dispute module,,Decentralized,"[""TypeScript""]","[""ethereum"",""solana"",""base""]"
wanchain,Wanchain,"[""[Bridge](https://bridge.wanchain.org/AssetBridge)"",""[Docs](https://docs.wanchain.org/)""]",Asset Bridge,NULL,NULL,TRUE,"[""Telegram"", ""Email"", ""Discord""]",FALSE,"[""Asset Transfer""]","[""Bridge Monitoring""]","[""Cross-chain asset bridging"",""WAN token discounts""]","[""ERC-20: USDT""]","10.2%, min. 0.2 USD, has discounts up to 80% based on WAN token holdings",TRUE,Secured via Wanchain validators and smart contracts,"[""Regular audits""]",Decentralized,"[""Node.JS SDK""]","[""ethereum"",""bnb chain"",""polygon"",""avalanche"",""astar"",""sonic"",""unichain"",""world chain"",""wanchain"",""bitcoin"",""arbitrum"",""base"",""bitrock"",""blast"",""cardano"",""celo"",""dogecoin"",""energi"",""fantom"",""kava"",""linea"",""litecoin"",""metis"",""moonbeam"",""moonriver"",""noble"",""okt chain"",""optimism"",""odyssey"",""plyr"",""polkadot"",""polygon zkevm"",""shido"",""solana"",""songbird"",""sui"",""telos"",""tron"",""vechain"",""vinuchain"",""x layer"",""xdc"",""xrp ledger"",""edexa"",""f(x) core"",""zksync era""]"
wormhole,Wormhole,"[""[Bridge](https://portalbridge.com/)"",""[Docs](https://wormhole.com/docs/)""]",Generic Messaging & Asset Bridge,NULL,NULL,TRUE,"[""Discord""]",FALSE,"[""Asset Transfer"",""Cross-chain Messaging""]",,"[""Guardian network of validators"",""VAA attestations""]","[""ERC-20"",""OFT"",""NFT""]",Gas Fee,TRUE,Independent guardian set across ~30 chains,"[""Audits + bug bounty""]",Decentralized,"[""TypeScript""]","[""ethereum"",""arbitrum"",""polygon"",""avalanche"",""sui"",""optimism"",""solana"",""base"",""hyperevm"",""bnb chain"",""unichain"",""celo"",""moonbeam"",""kaia"",""scroll"",""berachain"",""mezo"",""aptos"",""world chain"",""ink"",""linea"",""sonic"",""seievm"",""plume"",""xrpl evm"",""creditcoin""]"
xyfinance,XY Finance,"[""[Bridge](https://app.xy.finance/)"",""[Docs](https://docs.xy.finance)""]",Cross‑chain Liquidity Router,NULL,NULL,TRUE,"[""Discord""]",FALSE,"[""Liquidity Routing"",""Swaps""]",,"[""Multi-path routing"",""Token bridge + swap""]","[""ETH"",""ERC‑20""]",Gas Fee + routing fee,TRUE,Liquidity pool validation across chains,,Decentralized,"[""Web UI"",""API""]","[""ethereum"",""polygon"",""linea"",""base"",""bnb chain"",""cronos"",""arbitrum"",""optimism"",""astar"",""zksync era"",""polygon zkevm"",""linea"",""mantle"",""scroll"",""blast"",""x layer"",""taiko"",""cronos zkevm"",""abstract"",""berachain"",""klaytn"",""moonriver"",""thundercore"",""fantom""]"
zkbridge,zkBridge,"[""[Bridge](https://zkbridge.com/token)"",""[Docs](https://docs.zkbridge.com/)""]",Omnichain Messaging & OFT,NULL,NULL,TRUE,"[""Discord"",""Email""]",FALSE,"[""REST API""]","[""Custom Dashboards""]","[""Zero-Knowledge Verification""]","[""FLR"",""SGB"",""ERC-20""]",Gas Fee,TRUE,ZK-proof based security,,Decentralized,"[""TypeScript""]","[""ethereum"",""polygon"",""linea"",""base"",""bnb chain"",""opbnb"",""arbitrum one"",""optimism""]"
