slug,provider,actionButtons,plan,nodeType,accessPrice,queryPrice,verifiedUptime,verifiedLatency,verifiedBlocksBehindAvg,uptimeSla,bandwidthSla,blocksBehindSla,starred,trial,availableApis,limitations,securityImprovements,monitoringAndAnalytics,regions,address
1rpc-public-recent-state,1rpc,"[""[Website](https://1rpc.io)"",""[Docs](https://docs.1rpc.io/)""]",Public,Recent-State,$0,$0,NULL,NULL,NULL,,NULL,NULL,FALSE,FALSE,"[""eth"",""web3"",""net""]","[""10K protected reqs/day""]","[""Privacy Protected Relays""]","[""Real-time monitoring"",""Usage analytics"",""Advanced analytics"",""Customizable alerting and reporting"",""Transaction sanitizers""]","[""Global""]",
1rpc-free-recent-state,1rpc,"[""[Website](https://1rpc.io)"",""[Docs](https://docs.1rpc.io/)""]",Free,Recent-State,$0,$0,NULL,NULL,NULL,,NULL,NULL,FALSE,FALSE,"[""eth"",""web3"",""net""]","[""20K protected reqs/day""]","[""Privacy Protected Relays""]","[""Real-time monitoring"",""Usage analytics"",""Advanced analytics"",""Customizable alerting and reporting"",""Transaction sanitizers""]","[""Global""]",
1rpc-pay-as-you-go-recent-state,1rpc,"[""[Buy](https://www.1rpc.io/#pricing)"",""[Docs](https://docs.1rpc.io/)""]",Pay-as-you-go,Recent-State,"$9.90/$29.90/mo, $8.33/$24.99/yearly",$0,NULL,NULL,NULL,99.90%,NULL,NULL,FALSE,FALSE,"[""eth"",""web3"",""net""]","[""40K/100K protected reqs/day""]","[""Privacy Protected Relays"", ""Transaction Sanitizers""]","[""Real-time monitoring"",""Usage analytics"",""Advanced analytics"",""Customizable alerting and reporting"",""Transaction sanitizers""]","[""Global""]",
1rpc-enterprise-recent-state,1rpc,"[""[Contact](https://www.1rpc.io/#pricing)"",""[Docs](https://docs.1rpc.io/)""]",Enterprise,Recent-State,Custom,Custom,NULL,NULL,NULL,,NULL,NULL,FALSE,FALSE,"[""eth"",""web3"",""net""]","[""custom limits""]","[""Privacy Protected Relays"", ""Transaction Sanitizers""]","[""Real-time monitoring"",""Usage analytics"",""Advanced analytics"",""Customizable alerting and reporting"",""Transaction sanitizers""]","[""Global""]",
alchemy-enterprise-recent-state,Alchemy,"[""[Contact](https://www.alchemy.com/contact-sales)"",""[Docs](https://www.alchemy.com/docs)""]",Enterprise,Recent-State,Custom,Custom pricing,NULL,NULL,NULL,99.99%,NULL,NULL,FALSE,FALSE,"[""eth"",""web3"",""net"",""debug"",""trace"",""nft"",""transfer"",""tokens"",""node""]","[""custom limits""]","[""TX simulation"",""DDoS Protection"",""IP Protection"",""Dedicated infrastructure""]","[""Usage analytics"",""Advanced analytics"",""Custom dashboards"",""Engineering support""]","[""Global""]",
alchemy-free-recent-state,Alchemy,"[""[Website](https://alchemy.com)"",""[Docs](https://www.alchemy.com/docs)""]",Free,Recent-State,$0,$0/1M request,NULL,NULL,NULL,,NULL,NULL,FALSE,FALSE,"[""eth"",""web3"",""net"",""debug"",""trace"",""nft"",""transfer"",""tokens"",""node""]","[""25 reqs/sec"",""30M CU/mo""]","[""TX simulation"",""DDoS Protection"",""IP Protection""]","[""Basic monitoring"",""Usage analytics""]","[""Global""]",
alchemy-pay-as-you-go-recent-state,Alchemy,"[""[Buy](https://www.alchemy.com/pricing)"",""[Docs](https://www.alchemy.com/docs)""]",Pay-as-you-go,Recent-State,$5/$45/$215/$415/$815/$2K,$0.40/$0.45/1M CUs,NULL,NULL,NULL,99.99%,NULL,NULL,FALSE,FALSE,"[""eth"",""web3"",""net"",""debug"",""trace"",""nft"",""transfer"",""tokens"",""node""]","[""300 req/sec""]","[""TX simulation"",""DDoS Protection"",""IP Protection"",""SAML SSO""]","[""Usage analytics"",""Custom alerts"",""Reporting"",""Custom monitoring"",""Advanced analytics""]","[""Global""]",
alchemy-free-full-archive,Alchemy,"[""[Website](https://alchemy.com)"",""[Docs](https://www.alchemy.com/docs)""]",Free,Full Archive,$0,$0/1M request,NULL,NULL,NULL,,NULL,NULL,FALSE,FALSE,"[""eth"",""web3"",""net"",""debug"",""trace"",""nft"",""transfer"",""tokens"",""node""]","[""25 reqs/sec"",""30M CU/mo""]","[""TX simulation"",""DDoS Protection"",""IP Protection""]","[""Basic monitoring"",""Usage analytics""]","[""Global""]",
alchemy-pay-as-you-go-full-archive,Alchemy,"[""[Buy](https://www.alchemy.com/pricing)"",""[Docs](https://www.alchemy.com/docs)""]",Pay-as-you-go,Full Archive,$5/$45/$215/$415/$815/$2K,$0.40/$0.45/1M CUs,NULL,NULL,NULL,99.99%,NULL,NULL,FALSE,FALSE,"[""eth"",""web3"",""net"",""debug"",""trace"",""nft"",""transfer"",""tokens"",""node""]","[""300 req/sec""]","[""TX simulation"",""DDoS Protection"",""IP Protection"",""SAML SSO""]","[""Usage analytics"",""Custom alerts"",""Reporting"",""Custom monitoring"",""Advanced analytics""]","[""Global""]",
alchemy-enterprise-full-archive,Alchemy,"[""[Contact](https://www.alchemy.com/contact-sales)"",""[Docs](https://www.alchemy.com/docs)""]",Enterprise,Full Archive,Custom,Custom pricing,NULL,NULL,NULL,99.99%,NULL,NULL,FALSE,FALSE,"[""eth"",""web3"",""net"",""debug"",""trace"",""nft"",""transfer"",""tokens"",""node""]","[""custom limits""]","[""TX simulation"",""DDoS Protection"",""IP Protection"",""Dedicated infrastructure""]","[""Usage analytics"",""Advanced analytics"",""Custom dashboards"",""Engineering support""]","[""Global""]",
allthatnode-free-recent-state,AllThatNode,"[""[Website](https://www.allthatnode.com)"",""[Docs](https://docs.allthatnode.com/docs/welcome-to-all-that-node)""]",Free,Recent-State,$0,$0/1M request,NULL,NULL,NULL,99.99%,NULL,NULL,FALSE,FALSE,"[""eth"",""web3"",""net""]","[""500K CU/day"",""150 Cups throughput limit""]","[""IP Whitelisting"",""JWT Authentication"",""Smart Contract Address Restrictions"",""Front-Running Protection"",""Comprehensive Analytics Dashboard""]","[""Basic monitoring"",""Usage analytics""]","[""Global""]",
allthatnode-pay-as-you-go-recent-state,AllThatNode,"[""[Buy](https://www.allthatnode.com/pricing.dsrv)"",""[Docs](https://docs.allthatnode.com/docs/welcome-to-all-that-node)""]",Pay-as-you-go,Recent-State,"$29/$139/mo, $289/$1389/yearly",$0.58/$0.56 per 1M CUs,NULL,NULL,NULL,99.99%,NULL,NULL,FALSE,FALSE,"[""eth"",""net"",""web3"",""debug"",""trace"",""websocket""]","[""2M/10M CU/day"",""500/2K CUps throughput limit""]","[""IP Whitelisting"",""JWT Authentication"",""Smart Contract Address Restrictions"",""Front-Running Protection"",""Comprehensive Analytics Dashboard""]","[""Usage analytics"",""Custom alerts"",""Reporting""]","[""Global""]",
allthatnode-enterprise-recent-state,AllThatNode,"[""[Contact](https://www.allthatnode.com/pricing.dsrv)"",""[Docs](https://docs.allthatnode.com/docs/welcome-to-all-that-node)""]",Enterprise,Recent-State,Custom,Custom pricing,NULL,NULL,NULL,99.99%,NULL,NULL,FALSE,FALSE,"[""eth"",""net"",""web3"",""debug"",""trace"",""websocket""]","[""custom limits"",""unlimited throughput limit""]","[""IP Whitelisting"",""JWT Authentication"",""Smart Contract Address Restrictions"",""Front-Running Protection"",""Comprehensive Analytics Dashboard""]","[""Advanced analytics"",""Custom dashboards"",""Engineering support""]","[""Global""]",
allthatnode-enterprise-full-archive,AllThatNode,"[""[Contact](https://www.allthatnode.com/pricing.dsrv)"",""[Docs](https://docs.allthatnode.com/docs/welcome-to-all-that-node)""]",Enterprise,Full Archive,Custom,Custom pricing,NULL,NULL,NULL,99.99%,NULL,NULL,FALSE,FALSE,"[""eth"",""net"",""web3"",""debug"",""trace"",""websocket""]","[""custom limits"",""unlimited throughput limit""]","[""IP Whitelisting"",""JWT Authentication"",""Smart Contract Address Restrictions"",""Front-Running Protection"",""Comprehensive Analytics Dashboard""]","[""Advanced analytics"",""Custom dashboards"",""Engineering support""]","[""Global""]",
allthatnode-free-full-archive,AllThatNode,"[""[Website](https://www.allthatnode.com)"",""[Docs](https://docs.allthatnode.com/docs/welcome-to-all-that-node)""]",Free,Full Archive,$0,$0/1M request,NULL,NULL,NULL,99.99%,NULL,NULL,FALSE,FALSE,"[""eth"",""web3"",""net""]","[""500K CU/day"",""150 Cups throughput limit""]","[""IP Whitelisting"",""JWT Authentication"",""Smart Contract Address Restrictions"",""Front-Running Protection"",""Comprehensive Analytics Dashboard""]","[""Basic monitoring"",""Usage analytics""]","[""Global""]",
allthatnode-pay-as-you-go-full-archive,AllThatNode,"[""[Buy](https://www.allthatnode.com/pricing.dsrv)"",""[Docs](https://docs.allthatnode.com/docs/welcome-to-all-that-node)""]",Pay-as-you-go,Full Archive,"$29/$139/mo, $289/$1389/yearly",$0.58/$0.56 per 1M CUs,NULL,NULL,NULL,99.99%,NULL,NULL,FALSE,FALSE,"[""eth"",""net"",""web3"",""debug"",""trace"",""websocket""]","[""2M/10M CU/day"",""500/2K CUps throughput limit""]","[""IP Whitelisting"",""JWT Authentication"",""Smart Contract Address Restrictions"",""Front-Running Protection"",""Comprehensive Analytics Dashboard""]","[""Usage analytics"",""Custom alerts"",""Reporting""]","[""Global""]",
ankr-free-recent-state,Ankr,"[""[Website](https://www.ankr.com/rpc/home/)"",""[Docs](https://www.ankr.com/docs/rpc-service/chains/chains-list/)""]",Free,Recent-State,$0,$0,NULL,NULL,NULL,,NULL,NULL,FALSE,FALSE,"[""Advanced ANKR API"",""[eth](https://www.ankr.com/docs/rpc-service/chains/chains-list/)"",""[debug](https://www.ankr.com/docs/rpc-service/chains/chains-list/)"",""[web3](https://www.ankr.com/docs/rpc-service/chains/chains-list/)""]","[""free 200M API credits/mo"",""30 reqs/sec (node API)"",""30 reqs/min (advanced API)"",""1 project (personal API tokens)""]","[""DDoS Protection"",""IP Protection"",""Domain name protection"",""Custom rate limiting"",""Method Limiting"",""Error tracing"",""Contract addresses protection""]","[""Usage analytics"", ""Community support""]","[""Global""]",
ankr-pay-as-you-go-recent-state,Ankr,"[""[Buy](https://www.ankr.com/rpc/pricing/)"",""[Docs](https://www.ankr.com/docs/rpc-service/chains/chains-list/)""]",Pay-as-you-go,Recent-State,up to $10(payg plan)/$500-$3K(deal plan),$0.02(evm compatible API)/$0.05(solana API)/$0.07(beacon chains API)/$0.01(other API)/$0.07(advanced API) per 1K reqs,NULL,NULL,NULL,,NULL,NULL,FALSE,FALSE,"[""Advanced ANKR API"",""[eth](https://www.ankr.com/docs/rpc-service/chains/chains-list/)"",""[debug](https://www.ankr.com/docs/rpc-service/chains/chains-list/)"",""[web3](https://www.ankr.com/docs/rpc-service/chains/chains-list/)""]","[""1.5K reqs/sec (node API)"",""1K reqs/min (advanced API)"",""3 projects (personal API tokens)""]","[""DDoS Protection"",""IP Protection"",""Domain name protection"",""Custom rate limiting"",""Error tracing""]","[""Usage analytics"",""Custom monitoring"", ""Support portal""]","[""Global""]",
ankr-enterprise-recent-state,Ankr,"[""[Contact](https://meetings-eu1.hubspot.com/arsalan-evini?uuid=1b49e1e7-1f13-474b-8561-2ad7279d4b9d)"",""[Docs](https://www.ankr.com/docs/rpc-service/chains/chains-list/)""]",Enterprise,Recent-State,Custom,custom,NULL,NULL,NULL,,NULL,NULL,FALSE,FALSE,"[""Advanced ANKR API"",""[eth](https://www.ankr.com/docs/rpc-service/chains/chains-list/)"",""[debug](https://www.ankr.com/docs/rpc-service/chains/chains-list/)"",""[web3](https://www.ankr.com/docs/rpc-service/chains/chains-list/)""]","[""custom limits""]","[""DDoS Protection"",""IP Protection"",""Domain name protection"",""Custom rate limiting"",""Error tracing""]","[""Usage analytics"",""Custom monitoring"", ""Engineering team support""]","[""Global""]",
ankr-free-full-archive,Ankr,"[""[Website](https://www.ankr.com/rpc/home/)"",""[Docs](https://www.ankr.com/docs/rpc-service/chains/chains-list/)""]",Free,Full Archive,$0,$0,NULL,NULL,NULL,,NULL,NULL,FALSE,FALSE,"[""Advanced ANKR API"",""[eth](https://www.ankr.com/docs/rpc-service/chains/chains-list/)"",""[debug](https://www.ankr.com/docs/rpc-service/chains/chains-list/)"",""[web3](https://www.ankr.com/docs/rpc-service/chains/chains-list/)""]","[""free 200M API credits/mo"",""30 reqs/sec (node API)"",""30 reqs/min (advanced API)"",""1 project (personal API tokens)""]","[""DDoS Protection"",""IP Protection"",""Domain name protection"",""Custom rate limiting"",""Method Limiting"",""Error tracing"",""Contract addresses protection""]","[""Usage analytics"", ""Community support""]","[""Global""]",
ankr-pay-as-you-go-full-archive,Ankr,"[""[Buy](https://www.ankr.com/rpc/home/)"",""[Docs](https://www.ankr.com/docs/rpc-service/chains/chains-list/#ethereum)""]",Pay-as-you-go,Full Archive,up to $10(payg plan)/$500-$3K(deal plan),$20(evm compatible API)/$50(solana API)/$70(beacon chains API)/$10(other API)/$70(advanced API) per 1M reqs,NULL,NULL,NULL,Custom SLA,NULL,NULL,FALSE,FALSE,"[""Advanced ANKR API"",""[eth](https://www.ankr.com/docs/rpc-service/chains/chains-list/)"",""[debug](https://www.ankr.com/docs/rpc-service/chains/chains-list/)"",""[web3](https://www.ankr.com/docs/rpc-service/chains/chains-list/)"", ""debug"", ""trace""]","[""1.5K reqs/sec (node API)"",""1K reqs/min (advanced API)"",""3 projects (personal API tokens)""]","[""DDoS Protection"", ""IP Protection"", ""Privacy preserving""]","[""Usage analytics"",""Custom monitoring"", ""Support portal""]","[""Global""]",
ankr-enterprise-full-archive,Ankr,"[""[Contact](https://meetings-eu1.hubspot.com/arsalan-evini?uuid=1b49e1e7-1f13-474b-8561-2ad7279d4b9d)"",""[Docs](https://www.ankr.com/docs/rpc-service/chains/chains-list/)""]",Enterprise,Full Archive,Custom,custom,NULL,NULL,NULL,,NULL,NULL,FALSE,FALSE,"[""Advanced ANKR API"",""[eth](https://www.ankr.com/docs/rpc-service/chains/chains-list/)"",""[debug](https://www.ankr.com/docs/rpc-service/chains/chains-list/)"",""[web3](https://www.ankr.com/docs/rpc-service/chains/chains-list/)""]","[""custom limits""]","[""DDoS Protection"",""IP Protection"",""Domain name protection"",""Custom rate limiting"",""Error tracing""]","[""Usage analytics"",""Custom monitoring"", ""Engineering team support""]","[""Global""]",
astar-free-recent-state,Astar,"[""[Website](https://astar.network)"",""[Docs](https://docs.astar.network)""]",Free,Recent-State,$0,$0,NULL,NULL,NULL,,,,FALSE,FALSE,"[""eth"",""web3"",""net"",""substrate""]","[""limited when overused"",""not for production""]",,,,
blockdaemon-enterprise-recent-state,Blockdaemon,"[""[Contact](https://www.blockdaemon.com/api/pricing#form-jump)"",""[Docs](https://docs.blockdaemon.com/docs)""]",Enterprise,Recent-State,Custom,Custom,NULL,NULL,NULL,99.90%,NULL,NULL,FALSE,FALSE,"[""eth"",""web3"",""net""]","[""up to 400M CUs/mo"",""custom limits"",""1 Test Key"",""10 Live Keys""]","[""DDoS Protection"",""IP Protection""]","[""Usage analytics"",""Custom monitoring""]","[""South Africa"", ""Asia"", ""Canada Central"", ""Europe"", ""South America"", ""US""]",
blockdaemon-free-recent-state,Blockdaemon,"[""[Website](https://app.blockdaemon.com/)"",""[Docs](https://docs.blockdaemon.com/docs)""]",Free,Recent-State,$0,$0,NULL,NULL,NULL,99.90%,NULL,NULL,FALSE,FALSE,"[""eth"",""web3"",""net""]","[""3M CUs/mo"",""5 RPS"",""1 Test Key""]","[""DDoS Protection"",""IP Protection""]","[""Usage analytics""]","[""South Africa"", ""Asia"", ""Canada Central"", ""Europe"", ""South America"", ""US""]",
blockdaemon-pay-as-you-go-recent-state,Blockdaemon,"[""[Buy](https://www.blockdaemon.com/api/pricing)"",""[Docs](https://docs.blockdaemon.com/docs)""]",Pay-as-you-go,Recent-State,,$42.5/$20 per 1M extra CU,NULL,NULL,NULL,99.90%,NULL,NULL,FALSE,FALSE,"[""eth"",""web3"",""net""]","[""15-65M/115-365M CUs/mo"",""100/200 RPS"",""1 Test Key"",""10 Live Keys""]","[""DDoS Protection"",""IP Protection""]","[""Usage analytics"",""Custom monitoring""]","[""South Africa"", ""Asia"", ""Canada Central"", ""Europe"", ""South America"", ""US""]",
blockdaemon-free-full-archive,Blockdaemon,"[""[Website](https://app.blockdaemon.com/)"",""[Docs](https://docs.blockdaemon.com/docs)""]",Free,Full Archive,$0,$0,NULL,NULL,NULL,99.90%,NULL,NULL,FALSE,FALSE,"[""eth"",""web3"",""net""]","[""3M CUs/mo"",""5 RPS"",""1 Test Key""]","[""DDoS Protection"",""IP Protection""]","[""Usage analytics""]","[""South Africa"", ""Asia"", ""Canada Central"", ""Europe"", ""South America"", ""US""]",
blockdaemon-pay-as-you-go-full-archive,Blockdaemon,"[""[Buy](https://www.blockdaemon.com/api/pricing)"",""[Docs](https://docs.blockdaemon.com/docs)""]",Pay-as-you-go,Full Archive,,$42.5/$20 per 1M extra CU,NULL,NULL,NULL,99.90%,NULL,NULL,FALSE,FALSE,"[""eth"",""web3"",""net""]","[""15-65M/115-365M CUs/mo"",""100/200 RPS"",""1 Test Key"",""10 Live Keys""]","[""DDoS Protection"",""IP Protection""]","[""Usage analytics"",""Custom monitoring""]","[""South Africa"", ""Asia"", ""Canada Central"", ""Europe"", ""South America"", ""US""]",
blockdaemon-enterprise-full-archive,Blockdaemon,"[""[Contact](https://www.blockdaemon.com/api/pricing#form-jump)"",""[Docs](https://docs.blockdaemon.com/docs)""]",Enterprise,Full Archive,Custom,Custom,NULL,NULL,NULL,99.90%,NULL,NULL,FALSE,FALSE,"[""eth"",""web3"",""net""]","[""up to 400M CUs/mo"",""custom limits"",""1 Test Key"",""10 Live Keys""]","[""DDoS Protection"",""IP Protection""]","[""Usage analytics"",""Custom monitoring""]","[""South Africa"", ""Asia"", ""Canada Central"", ""Europe"", ""South America"", ""US""]",
blockdaemon-dedicated-recent-state,Blockdaemon,"[""[Contact](https://www.blockdaemon.com/api/pricing#form-jump)"",""[Docs](https://docs.blockdaemon.com/docs)""]",Dedicated,Recent-State,Custom,Custom,NULL,NULL,NULL,NULL,NULL,NULL,FALSE,FALSE,"[""eth"",""web3"",""net""]","[""custom limits""]","[""DDoS Protection"",""IP Protection"",""Dedicated infrastructure""]","[""Usage analytics"", ""Custom monitoring"", ""Advanced analytics""]","[""Global""]",
blockpi-free-recent-state,BlockPi,"[""[Website](https://blockpi.io/)"",""[Docs](https://docs.blockpi.io/)""]",Free,Recent-State,$0,$0,NULL,NULL,NULL,NULL,NULL,NULL,FALSE,FALSE,"[""eth"",""net"",""web3"",""debug"",""trace""]","[""50M Rus/mo"",""20 req/sec rate limit""]",,"[""Real-time dashboard metrics""]","[""Global""]",
blockpi-pay-as-you-go-recent-state,BlockPi,"[""[Buy](https://blockpi.io/pricing/)"",""[Docs](https://docs.blockpi.io/)""]",Pay-as-you-go,Recent-State,$0.01/$49/$299,$0.20/1M CU,NULL,NULL,NULL,NULL,NULL,NULL,FALSE,FALSE,"[""eth"",""net"",""web3"",""debug"",""trace""]","[""actual RU usage+50M/mo/125M CUs/750M CUs"",""20/1K/2.5K req/sec rate limit""]",,"[""Real-time dashboard metrics""]","[""Global""]",
blockpi-enterprise-recent-state,BlockPi,"[""[Contact](https://blockpi.io/pricing/)"",""[Docs](https://docs.blockpi.io/)""]",Enterprise,Recent-State,Custom,Custom,NULL,NULL,NULL,NULL,NULL,NULL,FALSE,FALSE,"[""eth"",""net"",""web3"",""debug"",""trace""]","[""custom limits""]",,"[""Advanced analytics via Grafana/Prometheus"",""Custom alerting (Slack/Telegram)"",""Engineering team support""]","[""Global""]",
blockpi-free-full-archive,BlockPi,"[""[Website](https://blockpi.io/)"",""[Docs](https://docs.blockpi.io/)""]",Free,Full Archive,$0,$0,NULL,NULL,NULL,99.20%,NULL,NULL,FALSE,FALSE,"[""eth"",""net"",""web3"",""debug"",""trace""]","[""50M Rus/mo"",""20 req/sec rate limit""]","[""DDoS Protection"", ""IP Protection"", ""Privacy preserving""]","[""Real-time dashboard metrics""]","[""Global""]",
blockpi-pay-as-you-go-full-archive,BlockPi,"[""[Buy](https://blockpi.io/pricing/)"",""[Docs](https://docs.blockpi.io/)""]",Pay-as-you-go,Full Archive,$0.01/$49/$299,$0.20/1M CU,NULL,NULL,NULL,99.20%,NULL,NULL,FALSE,FALSE,"[""eth"",""net"",""web3"",""debug"",""trace""]","[""actual RU usage+50M/mo/125M CUs/750M CUs"",""20/1K/2.5K req/sec rate limit""]","[""DDoS Protection"", ""IP Protection"", ""Privacy preserving""]","[""Real-time dashboard metrics""]","[""Global""]",
blockpi-enterprise-full-archive,BlockPi,"[""[Contact](https://blockpi.io/pricing/)"",""[Docs](https://docs.blockpi.io/)""]",Enterprise,Full Archive,Custom,Custom,NULL,NULL,NULL,99.2%,NULL,NULL,FALSE,FALSE,"[""eth"",""net"",""web3"",""debug"",""trace""]","[""custom limits""]","[""DDoS Protection"", ""IP Protection"", ""Privacy preserving""]","[""Advanced analytics via Grafana/Prometheus"",""Custom alerting (Slack/Telegram)"",""Engineering team support""]","[""Global""]",
blockvision-enterprise-full-archive,BlockVision,"[""[Buy](https://blockvision.org/pricing)"",""[Docs](https://docs.blockvision.org/reference/)""]",Enterprise,Full Archive,Custom,Custom,NULL,NULL,NULL,99.90%,NULL,NULL,FALSE,FALSE,"[""eth"",""web3"",""net"",""debug"",""trace""]",,"[""DDoS Protection"", ""IP Protection""]","[""Usage analytics"",""Custom monitoring"", ""Engineering team support""]","[""Global""]",
blockvision-free-full-archive,BlockVision,"[""[Buy](https://blockvision.org/pricing)"",""[Docs](https://docs.blockvision.org/reference/)""]",Free,Full Archive,$0,,NULL,NULL,NULL,99.90%,NULL,NULL,FALSE,FALSE,"[""eth"",""web3"",""net""]","[""~720 req/min""]","[""DDoS Protection"", ""IP Protection""]","[""Basic monitoring""]","[""Global""]",
blockvision-pay-as-you-go-full-archive,BlockVision,"[""[Buy](https://blockvision.org/pricing)"",""[Docs](https://docs.blockvision.org/reference/)""]",Pay-as-you-go,Full Archive,$29/$99/$199,,NULL,NULL,NULL,99.90%,NULL,NULL,FALSE,FALSE,"[""eth"",""web3"",""net"",""debug"",""trace""]","[""1200 / 2400 / 4800 req/min""]","[""DDoS Protection"", ""IP Protection""]","[""Usage analytics"",""Custom monitoring"", ""Support portal""]","[""Global""]",
chainbase-free-custom,ChainBase,"[""[Website](https://platform.chainbase.com/)"",""[Docs](https://docs.chainbase.com/platform/features/api/chain-rpc)""]",Custom,Recent-State,$0,$0,NULL,NULL,NULL,,NULL,NULL,FALSE,FALSE,"[""eth"",""web3"",""net""]","[""2 reqs/sec"",""3 projects""]","[""DDoS Protection"", ""IP Protection"", ""Data Consistency""]","[""Basic monitoring""]","[""Global""]",
chainbase-pay-as-you-go-custom,ChainBase,"[""[Buy](https://platform.chainbase.com/pricing)"",""[Docs](https://docs.chainbase.com/platform/features/api/chain-rpc)""]",Custom,Recent-State,$99,,NULL,NULL,NULL,,NULL,NULL,FALSE,FALSE,"[""eth"",""web3"",""net""]","[""10 reqs/sec"",""15 projects""]","[""DDoS Protection"", ""IP Protection"", ""Data Consistency""]","[""Usage analytics"", ""Custom monitoring"", ""Support portal""]","[""Global""]",
chainbase-enterprise-custom,ChainBase,"[""[Contact](https://platform.chainbase.com/contact)"",""[Docs](https://docs.chainbase.com/platform/features/api/chain-rpc)""]",Custom,Full Archive,Custom,Custom,NULL,NULL,NULL,,NULL,NULL,FALSE,FALSE,"[""eth"",""web3"",""net""]",,"[""DDoS Protection"", ""IP Protection"", ""Data Consistency""]","[""Advanced analytics"", ""Custom monitoring""]","[""Global""]",
chain-love-dedicated,Chain.Love,"[""[Buy](/rpc)"",""[Docs](https://protofire-org.gitbook.io/proteus-shield-docs/blockchains/astar)""]",Dedicated,Full Archive,$300,$0,NULL,NULL,NULL,,,,TRUE,FALSE,"[""eth"",""web3"",""net"",""debug"",""trace""]",null,"[""DDoS Protection"", ""IP Protection"", ""Domain name protection"", ""Custom rate limiting""]","[""per-method analytics"", ""requests amount monitoring API""]","[""Asia"",""Europe"",""US""]",
chain-love-free,Chain.Love,"[""[Website](/rpc)"",""[Docs](https://protofire-org.gitbook.io/proteus-shield-docs/blockchains/astar)""]",Free,Full Archive,$0,$0,NULL,NULL,NULL,,,,TRUE,FALSE,"[""eth"",""web3"",""net"",""debug"",""trace""]","[""100K requests per month""]","[""DDoS Protection"", ""IP Protection"", ""Domain name protection"", ""Custom rate limiting""]","[""per-method analytics"", ""requests amount monitoring API""]","[""US"",""Asia""]",
chain-love-pay-as-you-go,Chain.Love,"[""[Buy](/rpc)"",""[Docs](https://protofire-org.gitbook.io/proteus-shield-docs/blockchains/astar)""]",Pay-as-you-go,Full Archive,$30,$2/1M requests,NULL,NULL,NULL,,,,TRUE,FALSE,"[""eth"",""web3"",""net"",""debug"",""trace""]",null,"[""DDoS Protection"", ""IP Protection"", ""Domain name protection"", ""Custom rate limiting""]","[""per-method analytics"", ""requests amount monitoring API""]","[""US"",""Asia""]",
chainnodes-free-full-archive,Chainnodes,"[""[Website](https://www.chainnodes.org)"",""[Docs](https://www.chainnodes.org/docs)""]",Free,Full Archive,$0,$0,NULL,NULL,NULL,99.90%,NULL,NULL,FALSE,FALSE,"[""eth"",""web3"",""net"",""debug"",""trace""]","[""25 req/sec"",""12.5M req/mo""]","[""DDoS Protection"", ""IP Protection"", ""Data Consistency""]","[""Usage analytics"",""Basic monitoring""]","[""Global""]",
chainnodes-pay-as-you-go-full-archive,Chainnodes,"[""[Buy](https://www.chainnodes.org/pricing)"",""[Docs](https://www.chainnodes.org/docs)""]",Pay-as-you-go,Full Archive,"$50/$250/$1K/mo, $500/$2.5K/$10K/yearly",$50/13M requests/mo,NULL,NULL,NULL,99.90%,NULL,NULL,FALSE,FALSE,"[""eth"",""web3"",""net"",""debug"",""trace""]","[""50/100/500 req/sec"",""25M125M/500M req/mo""]","[""DDoS Protection"", ""IP Protection"", ""Data Consistency""]","[""Usage analytics"", ""Custom monitoring"", ""Priority support""]","[""Global""]",
chainstack-free-recent-state,ChainStack,"[""[Website](https://chainstack.com)"",""[Docs](https://docs.chainstack.com/docs/)""]",Free,Recent-State,$0,$20/1M extra requests,NULL,NULL,NULL,99.90%,NULL,NULL,FALSE,FALSE,"[""eth"",""web3"",""net""]","[""25 RPS"",""3M requests/mo""]","[""DDoS Protection"",""IP Protection""]","[""Usage analytics"",""Basic monitoring""]","[""Global""]",
chainstack-pay-as-you-go-recent-state,ChainStack,"[""[Buy](https://chainstack.com/pricing/)"",""[Docs](https://docs.chainstack.com/docs/)""]",Pay-as-you-go,Recent-State,"$49/$199/$349/mo (monthly plan), $40/$166/$290/mo (yearly plan)",$15/$12.5/$10 per 1M extra requests,NULL,NULL,NULL,99.90%,NULL,NULL,FALSE,FALSE,"[""eth"",""web3"",""net"",""debug"",""trace""]","[""250/400/600 RPS"",""20M/80M/140M requests"",""10,15,20 nodes""]","[""DDoS Protection"",""IP Protection"",""Dedicated infrastructure""]","[""Usage analytics"",""Custom monitoring"", ""Engineering team support""]","[""Global""]",
chainstack-enterprise-recent-state,ChainStack,"[""[Contact](https://console.chainstack.com/user/account#signup?plan=enterprise)"",""[Docs](https://docs.chainstack.com/docs/)""]",Enterprise,Recent-State,"up to $990/mo (monthly plan), up to $825/mo (yearly plan)",$5/1M extra requests,NULL,NULL,NULL,99.99%,NULL,NULL,FALSE,FALSE,"[""eth"",""web3"",""net"",""debug"",""trace""]","[""400M requests""]","[""DDoS Protection"",""IP Protection"",""Dedicated infrastructure""]","[""Advanced analytics"",""Custom monitoring""]","[""Global""]",
chainstack-pay-as-you-go-full-archive,ChainStack,"[""[Buy](https://chainstack.com/pricing/)"",""[Docs](https://docs.chainstack.com/docs/)""]",Pay-as-you-go,Full Archive,"$49/$199/$349/mo (monthly plan), $40/$166/$290/mo (yearly plan)",$15/$12.5/$10 per 1M extra requests,NULL,NULL,NULL,99.90%,NULL,NULL,FALSE,FALSE,"[""eth"",""web3"",""net"",""debug"",""trace""]","[""250/400/600 RPS"",""20M/80M/140M requests"",""10,15,20 nodes""]","[""DDoS Protection"",""IP Protection"",""Dedicated infrastructure""]","[""Usage analytics"",""Custom monitoring"", ""Engineering team support""]","[""Global""]",
chainstack-enterprise-full-archive,ChainStack,"[""[Contact](https://console.chainstack.com/user/account#signup?plan=enterprise)"",""[Docs](https://docs.chainstack.com/docs/)""]",Enterprise,Full Archive,"up to $990/mo (monthly plan), up to $825/mo (yearly plan)",$5/1M extra requests,NULL,NULL,NULL,99.99%,NULL,NULL,FALSE,TRUE,"[""eth"",""web3"",""net"",""debug"",""trace""]","[""400M requests""]","[""DDoS Protection"",""IP Protection"",""Dedicated infrastructure""]","[""Advanced analytics"",""Custom monitoring""]","[""Global""]",
drpc-free-recent-state,dRPC,"[""[Website](https://drpc.org/)"",""[Docs](https://drpc.org/docs)""]",Free,Recent-State,$0,$0,NULL,NULL,NULL,99.99%,NULL,NULL,FALSE,FALSE,"[""eth"",""web3"",""net""]","[""100 req/s, free 210M CUs/mo""]","[""DDoS Protection"",""IP Protection""]","[""Usage analytics""]","[""Global""]",
drpc-pay-as-you-go-recent-state,dRPC,"[""[Buy](https://drpc.org/pricing)"",""[Docs](https://drpc.org/docs)""]",Pay-as-you-go,Recent-State,$0,$6/1M requests,NULL,NULL,NULL,99.99%,NULL,NULL,FALSE,FALSE,"[""eth"",""web3"",""net"",""debug"",""trace""]","[""5K req/s, 20M CUs""]","[""DDoS Protection"", ""IP Protection"", ""Domain name protection"", ""Custom rate limiting"", ""Method Limiting"", ""Error tracing"", ""Contract addresses protection""]","[""per-method analytics"", ""latency"", ""CU analytics""]","[""Global""]",
drpc-enterprise-recent-state,dRPC,"[""[Contact](https://drpc.org/pricing)"",""[Docs](https://drpc.org/docs)""]",Enterprise,Recent-State,Custom,Custom,NULL,NULL,NULL,99.99%,NULL,NULL,FALSE,FALSE,"[""eth"",""web3"",""net"",""debug"",""trace""]","[""Unlimited RPS, up to 300M reqs/mo""]","[""DDoS Protection"", ""IP Protection"", ""Domain name protection"", ""Custom rate limiting"", ""Method Limiting"", ""Error tracing"", ""Contract addresses protection""]","[""per-method analytics"", ""latency"", ""CU analytics""]","[""Global""]",
drpc-free-full-archive,dRPC,"[""[Website](https://drpc.org/)"",""[Docs](https://drpc.org/docs)""]",Free,Full Archive,$0,$0,NULL,NULL,NULL,99.99%,NULL,NULL,FALSE,FALSE,"[""eth"",""web3"",""net""]","[""100 req/s, free 210M CUs/mo""]","[""DDoS Protection"",""IP Protection""]","[""Usage analytics""]","[""Global""]",
drpc-pay-as-you-go-full-archive,dRPC,"[""[Buy](https://drpc.org/pricing)"",""[Docs](https://drpc.org/docs)""]",Pay-as-you-go,Full Archive,$0,$6/1M requests,NULL,NULL,NULL,99.99%,NULL,NULL,FALSE,FALSE,"[""eth"",""web3"",""net"",""debug"",""trace""]","[""5K req/s, 20M CUs""]","[""DDoS Protection"", ""IP Protection"", ""Domain name protection"", ""Custom rate limiting"", ""Method Limiting"", ""Error tracing"", ""Contract addresses protection""]","[""per-method analytics"", ""latency"", ""CU analytics""]","[""Global""]",
drpc-enterprise-full-archive,dRPC,"[""[Contact](https://drpc.org/pricing)"",""[Docs](https://drpc.org/docs)""]",Enterprise,Full Archive,Custom,Custom,NULL,NULL,NULL,99.99%,NULL,NULL,FALSE,FALSE,"[""eth"",""web3"",""net"",""debug"",""trace""]","[""Unlimited RPS, up to 300M reqs/mo""]","[""DDoS Protection"", ""IP Protection"", ""Domain name protection"", ""Custom rate limiting"", ""Method Limiting"", ""Error tracing"", ""Contract addresses protection""]","[""per-method analytics"", ""latency"", ""CU analytics""]","[""Global""]",
dwellir-dedicated-full-archive,Dwellir,"[""[Contact](https://www.dwellir.com/contact)"",""[Docs](https://www.dwellir.com/docs/)""]",Dedicated,Full Archive,Custom,Custom,NULL,NULL,NULL,,NULL,NULL,FALSE,FALSE,"[""trace"",""debug""]",,"[""HTTPS and WebSocket protocols with strict authentication controls such as API key rotation, IP allow lists, and JWT-based authentication to prevent unauthorized access"",""Bare metal servers""]",,"[""Global""]",
dwellir-dedicated-recent-state,Dwellir,"[""[Contact](https://www.dwellir.com/contact)"",""[Docs](https://www.dwellir.com/docs/)""]",Dedicated,Recent-State,Custom,Custom,NULL,NULL,NULL,,NULL,NULL,FALSE,FALSE,"[""trace"",""debug""]",,"[""HTTPS and WebSocket protocols with strict authentication controls such as API key rotation, IP allow lists, and JWT-based authentication to prevent unauthorized access"",""Bare metal servers""]",,"[""Global""]",
dwellir-free-full-archive,Dwellir,"[""[Website](https://www.dwellir.com/)"",""[Docs](https://www.dwellir.com/docs/)""]",Free,Full Archive,$5 (once),$0,NULL,NULL,NULL,,NULL,NULL,FALSE,FALSE,"[""trace"",""debug""]","[""20 responses/sec"",""500K daily response limit"",""1 API Key""]","[""HTTPS and WebSocket protocols with strict authentication controls such as API key rotation, IP allow lists, and JWT-based authentication to prevent unauthorized access"",""Bare metal servers""]",,"[""Global""]",
dwellir-pay-as-you-go-full-archive,Dwellir,"[""[Buy](https://www.dwellir.com/pricing)"",""[Docs](https://www.dwellir.com/docs/)""]",Pay-as-you-go,Full Archive,$49/$299/$999,$5/$3/$2/1M requests,NULL,NULL,NULL,,NULL,NULL,FALSE,FALSE,"[""trace"",""debug""]","[""100/500/2K responses/sec"",""500/2500/10K responses/sec(burst)"",""unlimited daily response"",""10/15/20 API Keys""]","[""HTTPS and WebSocket protocols with strict authentication controls such as API key rotation, IP allow lists, and JWT-based authentication to prevent unauthorized access"",""Bare metal servers""]",,"[""Global""]",
dwellir-enterprise-full-archive,Dwellir,"[""[Contact](https://www.dwellir.com/contact)"",""[Docs](https://www.dwellir.com/docs/)""]",Enterprise,Full Archive,Custom,Custom,NULL,NULL,NULL,,NULL,NULL,FALSE,FALSE,"[""trace"",""debug""]","[""custom limits""]","[""HTTPS and WebSocket protocols with strict authentication controls such as API key rotation, IP allow lists, and JWT-based authentication to prevent unauthorized access"",""Bare metal servers""]",,"[""Global""]",
dwellir-free-recent-state,Dwellir,"[""[Website](https://www.dwellir.com/)"",""[Docs](https://www.dwellir.com/docs/)""]",Free,Recent-State,$5 (once),$0,NULL,NULL,NULL,,NULL,NULL,FALSE,FALSE,"[""trace"",""debug""]","[""20 responses/sec"",""500K daily response limit"",""1 API Key""]","[""HTTPS and WebSocket protocols with strict authentication controls such as API key rotation, IP allow lists, and JWT-based authentication to prevent unauthorized access"",""Bare metal servers""]",,"[""Global""]",
dwellir-pay-as-you-go-recent-state,Dwellir,"[""[Buy](https://www.dwellir.com/pricing)"",""[Docs](https://www.dwellir.com/docs/)""]",Pay-as-you-go,Recent-State,$49/$299/$999,$5/$3/$2/1M requests,NULL,NULL,NULL,,NULL,NULL,FALSE,FALSE,"[""trace"",""debug""]","[""100/500/2K responses/sec"",""500/2500/10K responses/sec(burst)"",""unlimited daily response"",""10/15/20 API Keys""]","[""HTTPS and WebSocket protocols with strict authentication controls such as API key rotation, IP allow lists, and JWT-based authentication to prevent unauthorized access"",""Bare metal servers""]",,"[""Global""]",
dwellir-enterprise-recent-state,Dwellir,"[""[Contact](https://www.dwellir.com/contact)"",""[Docs](https://www.dwellir.com/docs/)""]",Enterprise,Recent-State,Custom,Custom,NULL,NULL,NULL,,NULL,NULL,FALSE,FALSE,"[""trace"",""debug""]","[""custom limits""]","[""HTTPS and WebSocket protocols with strict authentication controls such as API key rotation, IP allow lists, and JWT-based authentication to prevent unauthorized access"",""Bare metal servers""]",,"[""Global""]",
infura-free-full-archive,Infura,"[""[Website](https://www.infura.io/)"",""[Docs](https://docs.metamask.io/services)""]",Free,Full Archive,$0,$0,NULL,NULL,NULL,NULL,NULL,NULL,FALSE,FALSE,"[""eth"",""web3"",""net""]","[""3M credits/day with throughput 500 credits/sec"",""1 API Key""]","[""Enterprise-grade security""]","[""Usage analytics"",""Credit-based monitoring""]","[""Global""]",
infura-pay-as-you-go-full-archive,Infura,"[""[Buy](https://www.infura.io/pricing)"",""[Docs](https://docs.metamask.io/services/)""]",Pay-as-you-go,Full Archive,$50/$225,$0,NULL,NULL,NULL,NULL,NULL,NULL,FALSE,FALSE,"[""eth"",""web3"",""net"",""debug"",""trace""]","[""15M/75M credits/day with throughput 4K/40K credits/sec"" ,""5/unlimited API Keys""]","[""Enterprise-grade security""]","[""Detailed usage analytics"",""Flex billing""]","[""Global""]",
infura-enterprise-full-archive,Infura,"[""[Contact](https://www.infura.io/contact)"",""[Docs](https://docs.metamask.io/services/)""]",Enterprise,Full Archive,Custom,Custom,NULL,NULL,NULL,Custom,NULL,NULL,FALSE,FALSE,"[""eth"",""web3"",""net"",""debug"",""trace""]","[""custom limits""]","[""Advanced security, support SLA""]","[""Advanced analytics"",""Custom dashboards"",""Crypto payments""]","[""Global""]",
infura-free-recent-state,Infura,"[""[Website](https://www.infura.io/)"",""[Docs](https://docs.metamask.io/services)""]",Free,Recent-State,$0,$0,NULL,NULL,NULL,,NULL,NULL,FALSE,FALSE,"[""eth"",""web3"",""net""]","[""3M credits/day with throughput 500 credits/sec"",""1 API Key""]","[""Enterprise-grade security""]","[""Usage analytics"",""Credit-based monitoring""]","[""Global""]",
infura-pay-as-you-go-recent-state,Infura,"[""[Buy](https://www.infura.io/pricing)"",""[Docs](https://docs.metamask.io/services/)""]",Pay-as-you-go,Recent-State,$50/$225,$0,NULL,NULL,NULL,,NULL,NULL,FALSE,FALSE,"[""eth"",""web3"",""net"",""debug"",""trace""]","[""15M/75M credits/day with throughput 4K/40K credits/sec"" ,""5/unlimited API Keys""]","[""Enterprise-grade security""]","[""Detailed usage analytics"",""Flex billing""]","[""Global""]",
infura-enterprise-recent-state,Infura,"[""[Contact](https://www.infura.io/contact)"",""[Docs](https://docs.metamask.io/services/)""]",Enterprise,Recent-State,Custom,Custom,NULL,NULL,NULL,,NULL,NULL,FALSE,FALSE,"[""eth"",""web3"",""net"",""debug"",""trace""]","[""custom limits""]","[""Advanced security, support SLA""]","[""Advanced analytics"",""Custom dashboards"",""Crypto payments""]","[""Global""]",
getblock-free-recent-state,GetBlock,"[""[Website](https://getblock.io/)"",""[Docs](https://docs.getblock.io/)""]",Free,Recent-State,$0,$0,NULL,NULL,NULL,99.98%,NULL,NULL,FALSE,FALSE,"[""Algorand Native API"",""Indexer API"",""Algo API"",""NFTs"",""WebSockets""]","[""50K CU"",""20 RPS"",""2 Access Tokens""]","[""Privacy Protected Relays"",""Transaction Sanitizers"",""Dedicated nodes with enterprise-grade security"",""Multi-region infrastructure""]","[""Real-time performance tracking"",""Advanced monitoring and analytics""]","[""Global""]",
getblock-pay-as-you-go-recent-state,GetBlock,"[""[Buy](https://getblock.io/pricing/)"",""[Docs](https://docs.getblock.io/)""]",Pay-as-you-go,Recent-State,"$49/$199/$499/mo (monthly plan), $39/$159/$399 (yearly plan)","$0.98/$0.9/$0.83 per 1M CU (monthly plan), $0.78/$0.72/$0.67 per 1M CU (yearly plan)",NULL,NULL,NULL,99.98%,NULL,NULL,FALSE,FALSE,"[""Algorand Native API"",""Indexer API"",""Algo API"",""NFTs"",""WebSockets""]","[""50M/220M/600M CU"",""100/300/500 RPS"",""10/25/50 Access Tokens""]","[""Privacy Protected Relays"",""Transaction Sanitizers"",""Dedicated nodes with enterprise-grade security"",""Multi-region infrastructure""]","[""Real-time performance tracking"",""Advanced monitoring and analytics""]","[""Global""]",
getblock-enterprise-recent-state,GetBlock,"[""[Contact](https://account.getblock.io/sign-up)"",""[Docs](https://docs.getblock.io/)""]",Enterprise,Recent-State,"Up to $999/mo (monthly plan), $799 (yearly plan)",Custom,NULL,NULL,NULL,99.99%,NULL,NULL,FALSE,FALSE,"[""Algorand Native API"",""Indexer API"",""Algo API"",""NFTs"",""WebSockets""]","[""custom limits""]","[""Privacy Protected Relays"",""Transaction Sanitizers"",""Dedicated nodes with enterprise-grade security"",""Multi-region infrastructure""]","[""Real-time performance tracking"",""Advanced monitoring and analytics""]","[""Global""]",
getblock-dedicated-recent-state,GetBlock,"[""[Contact](https://account.getblock.io/sign-up)"",""[Docs](https://docs.getblock.io/)""]",Dedicated,Recent-State,Up to $1K,Custom,NULL,NULL,NULL,99.99%,NULL,NULL,FALSE,FALSE,"[""Algorand Native API"",""Indexer API"",""Algo API"",""NFTs"",""WebSockets""]","[""custom limits"",""unlimited requests"",""unlimited rate limit""]","[""Privacy Protected Relays"",""Transaction Sanitizers"",""Dedicated nodes with enterprise-grade security"",""Multi-region infrastructure""]","[""Real-time performance tracking"",""Advanced monitoring and analytics""]","[""Global""]",
getblock-pay-as-you-go-full-archive,GetBlock,"[""[Website](https://getblock.io/)"",""[Docs](https://docs.getblock.io/)""]",Pay-as-you-go,Full Archive,"$49/$199/$499/mo (monthly plan), $39/$159/$399 (yearly plan)","$0.98/$0.9/$0.83 per 1M CU (monthly plan), $0.78/$0.72/$0.67 per 1M CU (yearly plan)",NULL,NULL,NULL,99.98%,NULL,NULL,FALSE,FALSE,"[""Algorand Native API"",""Indexer API"",""Algo API"",""NFTs"",""WebSockets""]","[""50M/220M/600M CU"",""100/300/500 RPS"",""10/25/50 Access Tokens""]","[""Privacy Protected Relays"",""Transaction Sanitizers"",""Dedicated nodes with enterprise-grade security"",""Multi-region infrastructure""]","[""Real-time performance tracking"",""Advanced monitoring and analytics""]","[""Global""]",
getblock-enterprise-full-archive,GetBlock,"[""[Buy](https://getblock.io/pricing/)"",""[Docs](https://docs.getblock.io/)""]",Enterprise,Full Archive,"Up to $999/mo (monthly plan), $799 (yearly plan)",Custom,NULL,NULL,NULL,99.99%,NULL,NULL,FALSE,FALSE,"[""Algorand Native API"",""Indexer API"",""Algo API"",""NFTs"",""WebSockets""]","[""custom limits""]","[""Privacy Protected Relays"",""Transaction Sanitizers"",""Dedicated nodes with enterprise-grade security"",""Multi-region infrastructure""]","[""Real-time performance tracking"",""Advanced monitoring and analytics""]","[""Global""]",
getblock-dedicated-full-archive,GetBlock,"[""[Contact](https://account.getblock.io/sign-up)"",""[Docs](https://docs.getblock.io/)""]",Dedicated,Full Archive,Up to $1K,Custom,NULL,NULL,NULL,99.99%,NULL,NULL,FALSE,FALSE,"[""Algorand Native API"",""Indexer API"",""Algo API"",""NFTs"",""WebSockets""]","[""custom limits"",""unlimited requests"",""unlimited rate limit""]","[""Privacy Protected Relays"",""Transaction Sanitizers"",""Dedicated nodes with enterprise-grade security"",""Multi-region infrastructure""]","[""Real-time performance tracking"",""Advanced monitoring and analytics""]","[""Global""]",
nownodes-dedicated-recent-state,Nownodes,"[""[Contact](https://account.nownodes.io/auth/login)"",""[Docs](https://nownodes.gitbook.io/documentation)""]",Dedicated,Recent-State,up to €400,no overlimit charges,NULL,NULL,NULL,99.95%,NULL,NULL,FALSE,FALSE,"[""All read methods + MPoolPush""]","[""Unlimited reqs/mo, no API keys - access via personal credentials""]","[""Domain name protection"",""Secure infrastructure with 24/7 monitoring"",""Private RPC nodes""]","[""per-key analytics""]","[""Global""]",
nownodes-free-recent-state,Nownodes,"[""[Website](https://nownodes.io/)"",""[Docs](https://nownodes.gitbook.io/documentation)""]",Free,Recent-State,€0,€0,NULL,NULL,NULL,99.95%,NULL,NULL,FALSE,FALSE,"[""All read methods + MPoolPush""]","[""100K reqs/mo"",""1 month only"",""1 API key/15 RPS limit""]","[""Domain name protection"",""Secure infrastructure with 24/7 monitoring""]","[""per-key analytics""]","[""Global""]",
nownodes-pay-as-you-go-recent-state,Nownodes,"[""[Buy](https://nownodes.io/pricing)"",""[Docs](https://nownodes.gitbook.io/documentation)""]",Pay-as-you-go,Recent-State,"€20/€200 (monthly plan), €220/€2200 (yearly plan)",€50/€10/1M extra requests,NULL,NULL,NULL,99.95%,NULL,NULL,FALSE,FALSE,"[""All read methods + MPoolPush""]","[""1M/30M reqs/mo"",""up to 3/up to 25 API keys""]","[""Domain name protection"",""Secure infrastructure with 24/7 monitoring""]","[""per-key analytics""]","[""Global""]",
nownodes-enterprise-recent-state,Nownodes,"[""[Contact](https://account.nownodes.io/auth/login)"",""[Docs](https://nownodes.gitbook.io/documentation)""]",Enterprise,Recent-State,"€500 (monthly plan), €5500 (yearly plan)",€5/1M extra requests,NULL,NULL,NULL,99.95%,NULL,NULL,FALSE,FALSE,"[""All read methods + MPoolPush""]","[""100M req/mo, up to 100 API keys""]","[""Domain name protection"",""Secure infrastructure with 24/7 monitoring"",""Private RPC nodes""]","[""per-key analytics""]","[""Global""]",
onfinality-dedicated-collator,OnFinality,"[""[Contact](https://onfinality.io/en/pricing)"",""[Docs](https://documentation.onfinality.io/)""]",Dedicated,Collator,Custom,Custom,NULL,NULL,NULL,,NULL,NULL,FALSE,FALSE,"[""Network native APIs"",""Trace API""]",,"[""DDoS Protection"",""IP Protection""]","[""Requests count monitoring"",""Response time monitoring"",""Geographical monitoring"",""Per method monitoring""]","[""N.Virginia"",""Ireland"",""Tokyo"",""Frankfurt""]",
onfinality-dedicated-full-archive,OnFinality,"[""[Contact](https://onfinality.io/en/pricing)"",""[Docs](https://documentation.onfinality.io/)""]",Dedicated,Full Archive,Custom,Custom,NULL,NULL,NULL,,NULL,NULL,FALSE,FALSE,"[""Network native APIs"",""Trace API""]",,"[""DDoS Protection"",""IP Protection""]","[""Requests count monitoring"",""Response time monitoring"",""Geographical monitoring"",""Per method monitoring""]","[""N.Virginia"",""Ireland"",""Tokyo"",""Frankfurt""]",
onfinality-dedicated-trace,OnFinality,"[""[Contact](https://onfinality.io/en/pricing)"",""[Docs](https://documentation.onfinality.io/)""]",Dedicated,Trace,Custom,Custom,NULL,NULL,NULL,,NULL,NULL,FALSE,FALSE,"[""Network native APIs"",""Trace API""]",,"[""DDoS Protection"",""IP Protection""]","[""Requests count monitoring"",""Response time monitoring"",""Geographical monitoring"",""Per method monitoring""]","[""N.Virginia"",""Ireland"",""Tokyo"",""Frankfurt""]",
onfinality-pay-as-you-go-trace,OnFinality,"[""[Buy](https://onfinality.io/en/pricing)"",""[Docs](https://documentation.onfinality.io/)""]",Pay-as-you-go,Trace,$49/$249,$3.75/$6/1M extra units,NULL,NULL,NULL,,NULL,NULL,FALSE,FALSE,"[""Network native APIs"",""Trace API""]","[""20M/100M API response units"",""200/500 response units/sec""]","[""DDoS Protection"",""IP Protection""]","[""Requests count monitoring"",""Response time monitoring"",""Geographical monitoring"",""Per method monitoring""]","[""N.Virginia"",""Ireland"",""Tokyo"",""Frankfurt""]",
onfinality-enterprise-trace,OnFinality,"[""[Contact](https://onfinality.io/en/pricing)"",""[Docs](https://documentation.onfinality.io/)""]",Enterprise,Trace,Custom,Custom,NULL,NULL,NULL,,NULL,NULL,FALSE,FALSE,"[""Network native APIs"",""Trace API""]","[""Unlimited response units"",""Custom limits""]","[""DDoS Protection"",""IP Protection""]","[""Requests count monitoring"",""Response time monitoring"",""Geographical monitoring"",""Per method monitoring""]","[""N.Virginia"",""Ireland"",""Tokyo"",""Frankfurt""]",
onfinality-free-full-archive,OnFinality,"[""[Website](https://onfinality.io/)"",""[Docs](https://documentation.onfinality.io/support/)""]",Free,Full Archive,$0,$0,NULL,NULL,NULL,,NULL,NULL,FALSE,FALSE,"[""Network native APIs"",""Trace API""]","[""400K API daily limit"",""40 response units/sec""]","[""DDoS Protection"",""IP Protection""]","[""Requests count monitoring"",""Response time monitoring"",""Geographical monitoring"",""Per method monitoring""]","[""N.Virginia"",""Ireland"",""Tokyo"",""Frankfurt""]",
onfinality-pay-as-you-go-full-archive,OnFinality,"[""[Buy](https://onfinality.io/en/pricing)"",""[Docs](https://documentation.onfinality.io/)""]",Pay-as-you-go,Full Archive,$49/$249,$3.75/$6/1M extra units,NULL,NULL,NULL,,NULL,NULL,FALSE,FALSE,"[""Network native APIs"",""Trace API""]","[""20M/100M API response units"",""200/500 response units/sec""]","[""DDoS Protection"",""IP Protection""]","[""Requests count monitoring"",""Response time monitoring"",""Geographical monitoring"",""Per method monitoring""]","[""N.Virginia"",""Ireland"",""Tokyo"",""Frankfurt""]",
onfinality-enterprise-full-archive,OnFinality,"[""[Contact](https://onfinality.io/pricing)"",""[Docs](https://documentation.onfinality.io/)""]",Enterprise,Full Archive,Custom,Custom,NULL,NULL,NULL,,NULL,NULL,FALSE,FALSE,"[""Network native APIs"",""Trace API""]","[""Unlimited response units"",""Custom limits""]","[""DDoS Protection"",""IP Protection""]","[""Requests count monitoring"",""Response time monitoring"",""Geographical monitoring"",""Per method monitoring""]","[""N.Virginia"",""Ireland"",""Tokyo"",""Frankfurt""]",
publicnode-public-recent-state,PublicNode,"[""[Website](https://publicnode.com/)""]",Public,Recent-State,$0,$0,NULL,NULL,NULL,,NULL,NULL,FALSE,FALSE,"[""eth"",""web3"",""net""]",,"[""DDoS Protection"", ""Privacy-relays""]","[""Tracking key"",""Node health metrics"",""Advanced monitoring"",""Custom metrics""]","[""Global""]",
quicknode-enterprise-full-archive,Quicknode,"[""[Buy](https://www.quicknode.com/pricing)"",""[Docs](https://www.quicknode.com/docs/welcome)""]",Enterprise,Full Archive,Custom,Custom,NULL,NULL,NULL,,NULL,NULL,FALSE,FALSE,"[""eth"",""net"",""web3"",""debug"",""trace""]","[""Custom limits"",""Unlimited endpoints""]","[""DDoS Protection"",""IP Protection"",""Privacy preserving""]","[""Advanced analytics"",""Console API (Prometheus/Grafana)"",""Custom alerting & engineering support""]","[""Global""]",
quicknode-enterprise-recent-state,Quicknode,"[""[Contact](https://www.quicknode.com/contact-us?inquiry_topic=Enterprise%20Plan%20Upgrade)"",""[Docs](https://www.quicknode.com/docs/welcome)""]",Enterprise,Recent-State,Custom,Custom,NULL,NULL,NULL,,NULL,NULL,FALSE,FALSE,"[""eth"",""net"",""web3"",""debug"",""trace""]","[""Custom limits"",""Unlimited endpoints""]","[""DDoS Protection"",""IP Protection"",""Privacy preserving""]","[""Advanced analytics"",""Console API (Prometheus/Grafana)"",""Custom alerting & engineering support""]","[""Global""]",
quicknode-pay-as-you-go-recent-state,Quicknode,"[""[Buy](https://www.quicknode.com/pricing)"",""[Docs](https://www.quicknode.com/docs/welcome)""]",Pay-as-you-go,Recent-State,"$49/$249/$499/$999/mo (monthly plan), $42/$212/$424$/$849/mo (yearly plan)",$0.62/$0.55/$0.53/$0.5 per 1M extra API credits,NULL,NULL,NULL,99.99%,NULL,NULL,FALSE,FALSE,"[""eth"",""net"",""web3"",""debug"",""trace""]","[""80M/450M/950M/2B API credits"",""10/20/50 endpoints"",""50/125/250/500 reqs/sec""]","[""DDoS Protection"",""IP Protection"",""Privacy preserving"",""SAML SSO""]","[""Usage analytics"",""Custom dashboards"",""Alerts & endpoints monitoring"",""Advanced analytics""]","[""Global""]",
quicknode-pay-as-you-go-full-archive,Quicknode,"[""[Buy](https://www.quicknode.com/pricing)"",""[Docs](https://www.quicknode.com/docs/welcome)""]",Pay-as-you-go,Full Archive,"$49/$249/$499/$999/mo (monthly plan), $42/$212/$424$/$849/mo (yearly plan)",$0.62/$0.55/$0.53/$0.5 per 1M extra API credits,NULL,NULL,NULL,99.99%,NULL,NULL,FALSE,FALSE,"[""eth"",""net"",""web3"",""debug"",""trace""]","[""80M/450M/950M/2B API credits"",""10/20/50 endpoints"",""50/125/250/500 reqs/sec""]","[""DDoS Protection"",""IP Protection"",""Privacy preserving"",""SAML SSO""]","[""Usage analytics"",""Custom dashboards"",""Alerts & endpoints monitoring"",""Advanced analytics""]","[""Global""]",
quicknode-dedicated-recent-state,Quicknode,"[""[Buy](https://www.quicknode.com/)"",""[Docs](https://www.quicknode.com/docs/welcome)""]",Dedicated,Recent-State,Custom,Custom,NULL,NULL,NULL,99.99%,NULL,NULL,FALSE,FALSE,"[""eth"",""web3"",""net""]","[""custom limits""]","[""DDoS Protection"",""IP Protection"",""Dedicated infrastructure""]","[""Usage analytics"",""Custom monitoring"",""Advanced analytics""]","[""Global""]",
radiumblock-enterprise-recent-state,RadiumBlock,"[""[Contact](https://radiumblock.com/contact.html)""]",Enterprise,Recent-State,Custom,Custom,NULL,NULL,NULL,,NULL,NULL,FALSE,FALSE,"[""Decentralized RPC endpoints"",""Multi-chain support""]","[""rate limiting applies""]",,"[""Advanced encryption protocols"",""Continuous monitoring"",""Automated failover mechanisms""]","[""Global""]",
radiumblock-free-recent-state,RadiumBlock,"[""[Website](https://radiumblock.com)""]",Free,Recent-State,$0,$0,NULL,NULL,NULL,,NULL,NULL,FALSE,FALSE,"[""Decentralized RPC endpoints"",""Multi-chain support""]","[""rate limiting applies""]",,"[""Advanced encryption protocols"",""Continuous monitoring"",""Automated failover mechanisms""]","[""Global""]",
radiumblock-pay-as-you-go-recent-state,RadiumBlock,"[""[Buy](https://radiumblock.com/pricing.html)""]",Pay-as-you-go,Recent-State,$150/$400/$750,,NULL,NULL,NULL,,NULL,NULL,FALSE,FALSE,"[""Decentralized RPC endpoints"",""Multi-chain support""]","[""rate limiting applies""]",,"[""Advanced encryption protocols"",""Continuous monitoring"",""Automated failover mechanisms""]","[""Global""]",
subquery-public-full-archive,Subquery,"[""[Website](https://app.subquery.network/explorer/home?category=rpc)"",""[Docs](https://subquery.network/doc/subquery_network/introduction/introduction.html)""]",Public,Full Archive,$0,$0,NULL,NULL,NULL,,NULL,NULL,FALSE,FALSE,"[""Decentralized RPC endpoints"",""Multi-chain support""]","[""Rate limits apply""]","[""Decentralized storage"",""IP Protection""]","[""Data lake logs"",""Usage analytics""]","[""Global""]",
subquery-pay-as-you-go-full-archive,Subquery,"[""[Website](https://app.subquery.network/explorer/home?category=rpc)"",""[Docs](https://subquery.network/doc/subquery_network/introduction/introduction.html)""]",Pay-as-you-go,Full Archive,,1.5K/3K SQT/1M reqs,NULL,NULL,NULL,,NULL,NULL,FALSE,FALSE,"[""Decentralized RPC endpoints"",""Multi-chain support""]","[""Price may vary depending on the value of the token""]","[""Decentralized storage"",""IP Protection""]","[""Data lake logs"",""Usage analytics""]","[""Global""]",
startale-enterprise-full-archive,Startale,"[""[Buy](https://startale.com/en/scs/pricing)"",""[Docs](https://documentation.onfinality.io/)""]",Enterprise,Full Archive,Custom,,NULL,NULL,NULL,Custom,,,FALSE,FALSE,"[""eth"",""web3"",""net"",""debug"",""trace"",""user operations""]",,"[""IP whitelistening"", ""Domain whitelistening""]","[""Success/Fail rate""]",,
startale-free-recent-state,Startale,"[""[Website](https://startale.com/en/scs/pricing)"",""[Docs](https://documentation.onfinality.io/)""]",Free,Recent-State,$0,$0,NULL,NULL,NULL,,,,FALSE,FALSE,"[""eth"",""web3"",""net""]","[""30 requests per second"",""2 endpoints""]",,"[""Success/Fail rate""]",,
startale-pay-as-you-go-full-archive,Startale,"[""[Buy](https://startale.com/en/scs/pricing)"",""[Docs](https://documentation.onfinality.io/)""]",Pay-as-you-go,Full Archive,$39/$169 with 400M/1.5B CU included,$1/1M CU,NULL,NULL,NULL,,,,FALSE,FALSE,"[""eth"",""web3"",""net"", ""debug"",""trace"",""user operations""]","[""300/500 requests per second"",""5/30 endpoints""]","[""IP whitelistening"", ""Domain whitelistening""]","[""Success/Fail rate""]",,
tatum-free-recent-state,Tatum,"[""[Website](https://tatum.io/)"",""[Docs](https://docs.tatum.io/)""]",Free,Recent-State,$0,$0,NULL,NULL,NULL,99.99%,NULL,NULL,FALSE,FALSE,"[""Wallet and address management"",""Transaction broadcasting"",""Query of blockchain state"",""Asset management""]","[""2 API Keys"",""100K lifetime credits"",""3 RPS"",""1-day notification history""]","[""Key Management System (KMS)"",""Local Transaction Signing"",""Four-Eye Principle"",""Periodic Transaction Fetching and Signing Automation""]","[""Simplified RPC calls"",""Debugging Tools"",""Tracking activities""]","[""Global""]",
tatum-pay-as-you-go-recent-state,Tatum,"[""[Buy](https://tatum.io/pricing)"",""[Docs](https://docs.tatum.io/)""]",Pay-as-you-go,Recent-State,"$49/mo, $29/yearly, $25/2 years","$0.000009/extra credit, $9/1M extra credits",NULL,NULL,NULL,99.99%,NULL,NULL,FALSE,FALSE,"[""Wallet and address management"",""Transaction broadcasting"",""Query of blockchain state"",""Asset management""]","[""Unlimited API Keys"",""4M credits/mo"",""200 RPS"",""7-day notification history""]","[""Key Management System (KMS)"",""Local Transaction Signing"",""Four-Eye Principle"",""Periodic Transaction Fetching and Signing Automation""]","[""Simplified RPC calls"",""Debugging Tools"",""Tracking activities"",""Advanced analytics""]","[""Global""]",
tatum-enterprise-recent-state,Tatum,"[""[Contact](https://tatum.io/get-in-touch)"",""[Docs](https://docs.tatum.io/)""]",Enterprise,Recent-State,Custom,Custom,NULL,NULL,NULL,99.99%,NULL,NULL,FALSE,FALSE,"[""Wallet and address management"",""Transaction broadcasting"",""Query of blockchain state"",""Asset management""]","[""Unlimited API Calls"",""Custom Rate Limits"",""30-day notification history"",""Up to 1K req/s""]","[""Key Management System (KMS)"",""Local Transaction Signing"",""Four-Eye Principle"",""Periodic Transaction Fetching and Signing Automation""]","[""Simplified RPC calls"",""Debugging Tools"",""Tracking activities"",""Advanced analytics""]","[""Global""]",
tatum-pay-as-you-go-full-archive,Tatum,"[""[Buy](https://tatum.io/pricing)"",""[Docs](https://docs.tatum.io/)""]",Pay-as-you-go,Full Archive,"$49/mo, $29/yearly, $25/2 years","$0.000009/extra credit, $9/1M extra credits",NULL,NULL,NULL,99.99%,NULL,NULL,FALSE,FALSE,"[""Wallet and address management"",""Transaction broadcasting"",""Query of blockchain state"",""Asset management""]","[""Unlimited API Keys"",""4M credits/mo"",""200 RPS"",""7-day notification history""]","[""Key Management System (KMS)"",""Local Transaction Signing"",""Four-Eye Principle"",""Periodic Transaction Fetching and Signing Automation""]","[""Simplified RPC calls"",""Debugging Tools"",""Tracking activities"",""Advanced analytics""]","[""Global""]",
tatum-enterprise-full-archive,Tatum,"[""[Contact](https://tatum.io/get-in-touch)"",""[Docs](https://docs.tatum.io/)""]",Enterprise,Full Archive,Custom,Custom,NULL,NULL,NULL,99.99%,NULL,NULL,FALSE,FALSE,"[""Wallet and address management"",""Transaction broadcasting"",""Query of blockchain state"",""Asset management""]","[""Unlimited API Calls"",""Custom Rate Limits"",""30-day notification history"",""Up to 1K req/s""]","[""Key Management System (KMS)"",""Local Transaction Signing"",""Four-Eye Principle"",""Periodic Transaction Fetching and Signing Automation""]","[""Simplified RPC calls"",""Debugging Tools"",""Tracking activities"",""Advanced analytics""]","[""Global""]",
tenderly-dedicated-recent-state,Tenderly,"[""[Website](https://tenderly.co/)"",""[Docs](https://docs.tenderly.co/)""]",Dedicated,Recent-State,Custom,Custom,NULL,NULL,NULL,99.99%,NULL,NULL,FALSE,TRUE,"[""eth"",""web3"",""net""]","[""Custom limits""]","[""Privacy Protected Relays"",""Transaction Sanitizers"",""DDoS Protection"",""IP Protection""]","[""Usage analytics"",""Custom monitoring""]","[""Global""]",
tenderly-free-recent-state,Tenderly,"[""[Website](https://tenderly.co/)"",""[Docs](https://docs.tenderly.co/)""]",Free,Recent-State,$0,$0,NULL,NULL,NULL,99.99%,NULL,NULL,FALSE,TRUE,"[""eth"",""web3"",""net""]","[""25M TU/mo with rate limit 10 TU/s""]","[""Privacy Protected Relays"",""Transaction Sanitizers"",""DDoS Protection"",""IP Protection""]","[""Usage analytics""]","[""Global""]",
tenderly-pay-as-you-go-recent-state,Tenderly,"[""[Buy](https://dashboard.tenderly.co/account/billing/select-plan)"",""[Docs](https://docs.tenderly.co/)""]",Pay-as-you-go,Recent-State,"$45/$450/mo (monthly plan), $50/$500 (yearly plan)",$10/1M TU,NULL,NULL,NULL,99.99%,NULL,NULL,FALSE,TRUE,"[""eth"",""web3"",""net""]","[""35M/350M TU/mo with rate limit 20/300 TU/s""]","[""Privacy Protected Relays"",""Transaction Sanitizers"",""DDoS Protection"",""IP Protection""]","[""Usage analytics"",""Custom monitoring""]","[""Global""]",
tenderly-enterprise-recent-state,Tenderly,"[""[Contact](https://tenderly.co/pricing)"",""[Docs](https://docs.tenderly.co/)""]",Enterprise,Recent-State,Custom,Custom,NULL,NULL,NULL,99.99%,NULL,NULL,FALSE,TRUE,"[""eth"",""web3"",""net""]","[""Custom limits""]","[""Privacy Protected Relays"",""Transaction Sanitizers"",""DDoS Protection"",""IP Protection""]","[""Usage analytics"",""Custom monitoring""]","[""Global""]",
thirdweb-dedicated-recent-state,ThirdWeb,"[""[Website](https://thirdweb.com/pricing)"",""[Docs](https://portal.thirdweb.com/)""]",Dedicated,Recent-State,$499 + Node price,$8/1M requests (volume discounts applies),NULL,NULL,NULL,,NULL,NULL,FALSE,FALSE,"[""eth"",""web3"",""net""]","[""1000 requests per second""]",,,,
thirdweb-enterprise-recent-state,ThirdWeb,"[""[Contact](https://thirdweb.com/pricing)"",""[Docs](https://portal.thirdweb.com/)""]",Enterprise,Recent-State,up to $1499,$8/1M requests (volume discounts applies),NULL,NULL,NULL,,NULL,NULL,FALSE,FALSE,"[""eth"",""web3"",""net""]",,,,,
thirdweb-free-recent-state,ThirdWeb,"[""[Website](https://thirdweb.com/)"",""[Docs](https://portal.thirdweb.com/)""]",Free,Recent-State,$0,$0,NULL,NULL,NULL,,NULL,NULL,FALSE,FALSE,"[""eth"",""web3"",""net""]","[""100 requests per second"", ""1M requests""]","[""DDoS Protection"",""IP Protection""]","[""Usage analytics""]","[""Global""]",
thirdweb-pay-as-you-go-recent-state,ThirdWeb,"[""[Buy](https://thirdweb.com/pricing)"",""[Docs](https://portal.thirdweb.com/)""]",Pay-as-you-go,Recent-State,$5/$99,$8/1M requests (volume discounts applies),NULL,NULL,NULL,,NULL,NULL,FALSE,FALSE,"[""eth"",""web3"",""net""]","[""100/250 requests per second""]","[""DDoS Protection"",""IP Protection""]","[""Usage analytics"",""Custom monitoring""]","[""Global""]",
